Account Username,Account Password,Account Contact First Name,Account Contact Last Name,Account Contact Company,Account Contact Address,Account Contact Address2,Account Contact Country,Account Contact State,Account Contact City,Account Contact Postal Code,Account Contact Phone,Account Contact Fax,Account Contact Email,Account Contact URL,Legacy ID,Listing ID,Listing Title,Listing Email,Listing URL,Listing Address,Listing Address2,Listing Country,Listing Country Abbreviation,Listing Region,Listing Region Abbreviation,Listing State,Listing State Abbreviation,Listing City,Listing City Abbreviation,Listing Neighborhood,Listing Neighborhood Abbreviation,Listing Postal Code,Listing Latitude,Listing Longitude,Listing Phone,Listing Fax,Listing Short Description,Listing Long Description,Listing Keywords,Updated Date,Listing Renewal Date,Listing Status,Listing Level,Listing Category 1,Listing Category 2,Listing Category 3,Listing Category 4,Listing Category 5,Listing Template
,,,,Roto-Rooter Plumbing  Drain Service,,,United States,New York,Buffalo,14224,(716) 683-4185,,,,,,Roto-Rooter Plumbing  Drain Service,,,,,United States,USA,,,New York,NY,Buffalo,,,,14224,,,(716) 683-4185,,Plumbers,,,,10/21/2013,active,bronze,Plumbers,,,,,
,,,,Service Experts Heating  Air Conditioning,6020 N Bailey Ave,,United States,New York,Buffalo,14226,(716) 247-4151,,,,,,Service Experts Heating  Air Conditioning,,,6020 N Bailey Ave,,United States,USA,,,New York,NY,Buffalo,,,,14226,,,(716) 247-4151,,Plumbers,,,,10/21/2013,active,bronze,Plumbers,,,,,
,,,,Patton Plumbing Sewer  Drain Cleaning,648 Mckinley Pkwy,,United States,New York,Buffalo,14220,(716) 825-4900,,,,,,Patton Plumbing Sewer  Drain Cleaning,,,648 Mckinley Pkwy,,United States,USA,,,New York,NY,Buffalo,,,,14220,,,(716) 825-4900,,Plumbers,,,,10/21/2013,active,bronze,Plumbers,,,,,
,,,,Roto-Rooter Plumbing  Drain Services,135 South Ave,,United States,New York,Buffalo,14224,(716) 773-3717,,,,,,Roto-Rooter Plumbing  Drain Services,,,135 South Ave,,United States,USA,,,New York,NY,Buffalo,,,,14224,,,(716) 773-3717,,Plumbers,,,,10/21/2013,active,bronze,Plumbers,,,,,
,,,,Mr. Rooter,,,United States,New York,,,(877) 475-3121,,,,,,Mr. Rooter,,,,,United States,USA,,,New York,,,,,,,,,(877) 475-3121,,Plumbers,,,,10/21/2013,active,bronze,Plumbers,,,,,
,,,,Roto-Rooter Plumbing  Drain Services,,,United States,New York,,,(877) 729-7686,,,,,,Roto-Rooter Plumbing  Drain Services,,,,,United States,USA,,,New York,,,,,,,,,(877) 729-7686,,Plumbers,,,,10/21/2013,active,bronze,Plumbers,,,,,
,,,,Mr. Rooter,,,United States,New York,,,(877) 766-8396,,,,,,Mr. Rooter,,,,,United States,USA,,,New York,,,,,,,,,(877) 766-8396,,Plumbers,,,,10/21/2013,active,bronze,Plumbers,,,,,
,,,,Affordable Home Services,,,United States,New York,,,(877) 556-6238,,,,,,Affordable Home Services,,,,,United States,USA,,,New York,,,,,,,,,(877) 556-6238,,Plumbers,,,,10/21/2013,active,bronze,Plumbers,,,,,
,,,,Cellino Plumbing Inc,,,United States,New York,,,(716) 675-1111,,,,,,Cellino Plumbing Inc,,,,,United States,USA,,,New York,,,,,,,,,(716) 675-1111,,Plumbers,,,,10/21/2013,active,bronze,Plumbers,,,,,
,,,,Frank's Services,90 Pearce Ave,,United States,New York,Tonawanda,14150,(866) 383-5257,,,,,,Frank's Services,,,90 Pearce Ave,,United States,USA,,,New York,NY,Tonawanda,,,,14150,,,(866) 383-5257,,Plumbers,,,,10/21/2013,active,bronze,Plumbers,,,,,
,,,,The Plumber,200 Roosevelt St,,United States,New York,Tonawanda,14150,(877) 565-3314,,,,,,The Plumber,,,200 Roosevelt St,,United States,USA,,,New York,NY,Tonawanda,,,,14150,,,(877) 565-3314,,Plumbers,,,,10/21/2013,active,bronze,Plumbers,,,,,
,,,,Zinzola Plumbing,1758 Clinton St,,United States,New York,Buffalo,14206,(716) 262-8649,,,,,,Zinzola Plumbing,,,1758 Clinton St,,United States,USA,,,New York,NY,Buffalo,,,,14206,,,(716) 262-8649,,Plumbers,,,,10/21/2013,active,bronze,Plumbers,,,,,
,,,,A Gareleck  Sons Inc,125 Arthur St,,United States,New York,Buffalo,14207,(716) 871-4225,,,,,,A Gareleck  Sons Inc,,,125 Arthur St,,United States,USA,,,New York,NY,Buffalo,,,,14207,,,(716) 871-4225,,Plumbers,,,,10/21/2013,active,bronze,Plumbers,,,,,
,,,,Swanson J R Plumbing Co Inc,413 103rd St,,United States,New York,Niagara Falls,14304,(716) 402-4542,,,,,,Swanson J R Plumbing Co Inc,,,413 103rd St,,United States,USA,,,New York,NY,Niagara Falls,,,,14304,,,(716) 402-4542,,Plumbers,,,,10/21/2013,active,bronze,Plumbers,,,,,
,,,,Lanthier Plumbing Heating,157 W Tupper St,,United States,New York,Buffalo,14201,(716) 864-6814,,,,,,Lanthier Plumbing Heating,,,157 W Tupper St,,United States,USA,,,New York,NY,Buffalo,,,,14201,,,(716) 864-6814,,Plumbers,,,,10/21/2013,active,bronze,Plumbers,,,,,
,,,,Toronto Bradshaw Plumbing,534 Delaware Ave,,United States,New York,Buffalo,14202,(716) 332-7104,,,,,,Toronto Bradshaw Plumbing,,,534 Delaware Ave,,United States,USA,,,New York,NY,Buffalo,,,,14202,,,(716) 332-7104,,Plumbers,,,,10/21/2013,active,bronze,Plumbers,,,,,
,,,,Miori Joyce G,100 High St,,United States,New York,Buffalo,14203,(716) 859-5600,,,,,,Miori Joyce G,,,100 High St,,United States,USA,,,New York,NY,Buffalo,,,,14203,,,(716) 859-5600,,Plumbers,,,,10/21/2013,active,bronze,Plumbers,,,,,
,,,,Turkovich Stephen MD,219 Bryant St,,United States,New York,Buffalo,14222,(716) 878-7288,,,,,,Turkovich Stephen MD,,,219 Bryant St,,United States,USA,,,New York,NY,Buffalo,,,,14222,,,(716) 878-7288,,Plumbers,,,,10/21/2013,active,bronze,Plumbers,,,,,
,,,,Bison Plumbing City Inc,665 Fillmore Ave,,United States,New York,Buffalo,14212,(716) 897-4224,,,,,,Bison Plumbing City Inc,,,665 Fillmore Ave,,United States,USA,,,New York,NY,Buffalo,,,,14212,,,(716) 897-4224,,Plumbers,,,,10/21/2013,active,bronze,Plumbers,,,,,
,,,,Osinski's Plumbing Inc,246 Fillmore Ave,,United States,New York,Buffalo,14206,(716) 852-6990,,,,,,Osinski's Plumbing Inc,,,246 Fillmore Ave,,United States,USA,,,New York,NY,Buffalo,,,,14206,,,(716) 852-6990,,Plumbers,,,,10/21/2013,active,bronze,Plumbers,,,,,
,,,,Bukowski Doreen,1134 Delaware Ave,,United States,New York,Buffalo,14209,(716) 885-1512,,,,,,Bukowski Doreen,,,1134 Delaware Ave,,United States,USA,,,New York,NY,Buffalo,,,,14209,,,(716) 885-1512,,Plumbers,,,,10/21/2013,active,bronze,Plumbers,,,,,
,,,,J Licata Heating  Piping,138 Lancaster AVE,,United States,New York,Buffalo,14222,(716) 886-0911,,,,,,J Licata Heating  Piping,,,138 Lancaster AVE,,United States,USA,,,New York,NY,Buffalo,,,,14222,,,(716) 886-0911,,Plumbers,,,,10/21/2013,active,bronze,Plumbers,,,,,
,,,,Aardvark Home Svc,733 Tifft St,,United States,New York,Buffalo,14220,(716) 822-6969,,,,,,Aardvark Home Svc,,,733 Tifft St,,United States,USA,,,New York,NY,Buffalo,,,,14220,,,(716) 822-6969,,Plumbers,,,,10/21/2013,active,bronze,Plumbers,,,,,
,,,,Bar Hydraulics Inc,65 Lansing St,,United States,New York,Buffalo,14207,(716) 824-1788,,,,,,Bar Hydraulics Inc,,,65 Lansing St,,United States,USA,,,New York,NY,Buffalo,,,,14207,,,(716) 824-1788,,Plumbers,,,,10/21/2013,active,bronze,Plumbers,,,,,
,,,,Stone Plumbing Svc,454 Dingens St,,United States,New York,Buffalo,14206,(716) 655-1500,,,,,,Stone Plumbing Svc,,,454 Dingens St,,United States,USA,,,New York,NY,Buffalo,,,,14206,,,(716) 655-1500,,Plumbers,,,,10/21/2013,active,bronze,Plumbers,,,,,
,,,,Klingelsmith Plumbing  Htg Co,454 Dingens St,,United States,New York,Buffalo,14206,(716) 683-1605,,,,,,Klingelsmith Plumbing  Htg Co,,,454 Dingens St,,United States,USA,,,New York,NY,Buffalo,,,,14206,,,(716) 683-1605,,Plumbers,,,,10/21/2013,active,bronze,Plumbers,,,,,
,,,,Brian Walsh Plumbing  Htg Inc,330 Wagner Ave,,United States,New York,Buffalo,14212,(845) 254-5397,,,,,,Brian Walsh Plumbing  Htg Inc,,,330 Wagner Ave,,United States,USA,,,New York,NY,Buffalo,,,,14212,,,(845) 254-5397,,Plumbers,,,,10/21/2013,active,bronze,Plumbers,,,,,
,,,,Nelson's Plumbing,2439 Bailey Ave,,United States,New York,Buffalo,14215,(716) 833-4153,,,,,,Nelson's Plumbing,,,2439 Bailey Ave,,United States,USA,,,New York,NY,Buffalo,,,,14215,,,(716) 833-4153,,Plumbers,,,,10/21/2013,active,bronze,Plumbers,,,,,
,,,,Plumber in Buffalo pib,2505 Baily Ave. suite 101,,United States,New York,Buffalo,14215,(716) 584-1505,,,,,,Plumber in Buffalo pib,,,2505 Baily Ave. suite 101,,United States,USA,,,New York,NY,Buffalo,,,,14215,,,(716) 584-1505,,Plumbers,,,,10/21/2013,active,bronze,Plumbers,,,,,
,,,,Industrial Heating Svc,142 Colgate Ave,,United States,New York,Buffalo,14220,(716) 822-8466,,,,,,Industrial Heating Svc,,,142 Colgate Ave,,United States,USA,,,New York,NY,Buffalo,,,,14220,,,(716) 822-8466,,Plumbers,,,,10/21/2013,active,bronze,Plumbers,,,,,
,,,,Joseph V Schmigel  Sons,2125 William St,,United States,New York,Buffalo,14206,(716) 897-4448,,,,,,Joseph V Schmigel  Sons,,,2125 William St,,United States,USA,,,New York,NY,Buffalo,,,,14206,,,(716) 897-4448,,Plumbers,,,,10/21/2013,active,bronze,Plumbers,,,,,
,,,,Ritter  Sentry Plumbing Services Inc,1053 Walden Ave,,United States,New York,Buffalo,14211,(716) 262-8752,,,,,,Ritter  Sentry Plumbing Services Inc,,,1053 Walden Ave,,United States,USA,,,New York,NY,Buffalo,,,,14211,,,(716) 262-8752,,Plumbers,,,,10/21/2013,active,bronze,Plumbers,,,,,
,,,,Matthew Kandefer Inc,2215 Broadway St # A,,United States,New York,Buffalo,14212,(716) 893-8376,,,,,,Matthew Kandefer Inc,,,2215 Broadway St # A,,United States,USA,,,New York,NY,Buffalo,,,,14212,,,(716) 893-8376,,Plumbers,,,,10/21/2013,active,bronze,Plumbers,,,,,
,,,,Hertel Hardware and Plumbing,1273 Hertel Ave,,United States,New York,Buffalo,14216,(716) 875-3900,,,,,,Hertel Hardware and Plumbing,,,1273 Hertel Ave,,United States,USA,,,New York,NY,Buffalo,,,,14216,,,(716) 875-3900,,Plumbers,,,,10/21/2013,active,bronze,Plumbers,,,,,
,,,,Welch  Assoc Inc,1413 Hertel Ave # 7,,United States,New York,Buffalo,14216,(716) 875-3228,,,,,,Welch  Assoc Inc,,,1413 Hertel Ave # 7,,United States,USA,,,New York,NY,Buffalo,,,,14216,,,(716) 875-3228,,Plumbers,,,,10/21/2013,active,bronze,Plumbers,,,,,
,,,,Schmit Plumbing  Heating,198 Ontario St,,United States,New York,Buffalo,14207,(716) 875-3324,,,,,,Schmit Plumbing  Heating,,,198 Ontario St,,United States,USA,,,New York,NY,Buffalo,,,,14207,,,(716) 875-3324,,Plumbers,,,,10/21/2013,active,bronze,Plumbers,,,,,
,,,,Norton'S Plumbing,29 Kofler Ave,,United States,New York,Buffalo,14207,(716) 557-5343,,,,,,Norton'S Plumbing,,,29 Kofler Ave,,United States,USA,,,New York,NY,Buffalo,,,,14207,,,(716) 557-5343,,Plumbers,,,,10/21/2013,active,bronze,Plumbers,,,,,
,,,,Budget Plumbing,405 Collins Ave,,United States,New York,Buffalo,14224,(716) 863-0449,,,,,,Budget Plumbing,,,405 Collins Ave,,United States,USA,,,New York,NY,Buffalo,,,,14224,,,(716) 863-0449,,Plumbers,,,,10/21/2013,active,bronze,Plumbers,,,,,
,,,,A American Plumbing  Svc Inc,268 Doris Dr,,United States,New York,Buffalo,14224,(716) 822-7711,,,,,,A American Plumbing  Svc Inc,,,268 Doris Dr,,United States,USA,,,New York,NY,Buffalo,,,,14224,,,(716) 822-7711,,Plumbers,,,,10/21/2013,active,bronze,Plumbers,,,,,
,,,,Norton Plumbing,797 Military Rd,,United States,New York,Buffalo,14217,(716) 819-8556,,,,,,Norton Plumbing,,,797 Military Rd,,United States,USA,,,New York,NY,Buffalo,,,,14217,,,(716) 819-8556,,Plumbers,,,,10/21/2013,active,bronze,Plumbers,,,,,
,,,,Quality First Plumbing Svc,485 Kennedy Rd,,United States,New York,Buffalo,14227,(716) 892-1484,,,,,,Quality First Plumbing Svc,,,485 Kennedy Rd,,United States,USA,,,New York,NY,Buffalo,,,,14227,,,(716) 892-1484,,Plumbers,,,,10/21/2013,active,bronze,Plumbers,,,,,
,,,,Cellino Plumbing Inc.,2756 Seneca St,,United States,New York,Buffalo,14224,(716) 652-2280,,,,,,Cellino Plumbing Inc.,,,2756 Seneca St,,United States,USA,,,New York,NY,Buffalo,,,,14224,,,(716) 652-2280,,Plumbers,,,,10/21/2013,active,bronze,Plumbers,,,,,
,,,,Penny's Hardware  Plumbing,2498 Elmwood Ave,,United States,New York,Buffalo,14217,(716) 875-4251,,,,,,Penny's Hardware  Plumbing,,,2498 Elmwood Ave,,United States,USA,,,New York,NY,Buffalo,,,,14217,,,(716) 875-4251,,Plumbers,,,,10/21/2013,active,bronze,Plumbers,,,,,
,,,,Pipedream Service of WNY,10 Fronckowiak Ave,,United States,New York,Buffalo,14227,(716) 894-9236,,,,,,Pipedream Service of WNY,,,10 Fronckowiak Ave,,United States,USA,,,New York,NY,Buffalo,,,,14227,,,(716) 894-9236,,Plumbers,,,,10/21/2013,active,bronze,Plumbers,,,,,
,,,,Kandefer Gale M,1515 Kensington Ave,,United States,New York,Buffalo,14215,(716) 446-5900,,,,,,Kandefer Gale M,,,1515 Kensington Ave,,United States,USA,,,New York,NY,Buffalo,,,,14215,,,(716) 446-5900,,Plumbers,,,,10/21/2013,active,bronze,Plumbers,,,,,
,,,,John W Danforth Co,3435 Main St,,United States,New York,Buffalo,14214,(716) 837-2320,,,,,,John W Danforth Co,,,3435 Main St,,United States,USA,,,New York,NY,Buffalo,,,,14214,,,(716) 837-2320,,Plumbers,,,,10/21/2013,active,bronze,Plumbers,,,,,
,,,,Freddie's Plumbing Svc Inc,3024 Genesee St,,United States,New York,Buffalo,14225,(716) 895-3614,,,,,,Freddie's Plumbing Svc Inc,,,3024 Genesee St,,United States,USA,,,New York,NY,Buffalo,,,,14225,,,(716) 895-3614,,Plumbers,,,,10/21/2013,active,bronze,Plumbers,,,,,
,,,,J Mulla Plumbing Co,72 N End Ave,,United States,New York,Buffalo,14217,(716) 877-7195,,,,,,J Mulla Plumbing Co,,,72 N End Ave,,United States,USA,,,New York,NY,Buffalo,,,,14217,,,(716) 877-7195,,Plumbers,,,,10/21/2013,active,bronze,Plumbers,,,,,
,,,,Superior Plumbing  Rooter Svc,170 Center Rd,,United States,New York,Buffalo,14224,(716) 893-8600,,,,,,Superior Plumbing  Rooter Svc,,,170 Center Rd,,United States,USA,,,New York,NY,Buffalo,,,,14224,,,(716) 893-8600,,Plumbers,,,,10/21/2013,active,bronze,Plumbers,,,,,
,,,,James L Shotwell Plumbing Co,1035 Englewood Ave,,United States,New York,Buffalo,14223,(716) 877-1457,,,,,,James L Shotwell Plumbing Co,,,1035 Englewood Ave,,United States,USA,,,New York,NY,Buffalo,,,,14223,,,(716) 877-1457,,Plumbers,,,,10/21/2013,active,bronze,Plumbers,,,,,
,,,,Haefner Plumbing,31 Brendan Ave,,United States,New York,Buffalo,14217,(716) 874-7792,,,,,,Haefner Plumbing,,,31 Brendan Ave,,United States,USA,,,New York,NY,Buffalo,,,,14217,,,(716) 874-7792,,Plumbers,,,,10/21/2013,active,bronze,Plumbers,,,,,
,,,,Ace Plumbing Inc,1985 Ridge Rd,,United States,New York,Buffalo,14224,(716) 675-6743,,,,,,Ace Plumbing Inc,,,1985 Ridge Rd,,United States,USA,,,New York,NY,Buffalo,,,,14224,,,(716) 675-6743,,Plumbers,,,,10/21/2013,active,bronze,Plumbers,,,,,
,,,,H  M Plumbing  Mechanical,1425 Military Rd,,United States,New York,Buffalo,14217,(716) 875-0100,,,,,,H  M Plumbing  Mechanical,,,1425 Military Rd,,United States,USA,,,New York,NY,Buffalo,,,,14217,,,(716) 875-0100,,Plumbers,,,,10/21/2013,active,bronze,Plumbers,,,,,
,,,,Roto-Rooter Plumbing  Drain,325 Woodcrest Blvd,,United States,New York,Buffalo,14223,(716) 873-8143,,,,,,Roto-Rooter Plumbing  Drain,,,325 Woodcrest Blvd,,United States,USA,,,New York,NY,Buffalo,,,,14223,,,(716) 873-8143,,Plumbers,,,,10/21/2013,active,bronze,Plumbers,,,,,
,,,,JRN Plumbing Inc,3484 Union Rd,,United States,New York,Buffalo,14225,(716) 684-2359,,,,,,JRN Plumbing Inc,,,3484 Union Rd,,United States,USA,,,New York,NY,Buffalo,,,,14225,,,(716) 684-2359,,Plumbers,,,,10/21/2013,active,bronze,Plumbers,,,,,
,,,,CKO Plumbing Corp,1520 Military Rd,,United States,New York,Buffalo,14217,(716) 877-4050,,,,,,CKO Plumbing Corp,,,1520 Military Rd,,United States,USA,,,New York,NY,Buffalo,,,,14217,,,(716) 877-4050,,Plumbers,,,,10/21/2013,active,bronze,Plumbers,,,,,
,,,,Superior Pipecleaning Inc,S3313 Woodlawn Ave,,United States,New York,Buffalo,14219,(716) 822-7500,,,,,,Superior Pipecleaning Inc,,,S3313 Woodlawn Ave,,United States,USA,,,New York,NY,Buffalo,,,,14219,,,(716) 822-7500,,Plumbers,,,,10/21/2013,active,bronze,Plumbers,,,,,
,,,,Larry  Janine's Plumbing  Repairs,48 Seneca Creek Rd,,United States,New York,Buffalo,14224,(716) 675-0040,,,,,,Larry  Janine's Plumbing  Repairs,,,48 Seneca Creek Rd,,United States,USA,,,New York,NY,Buffalo,,,,14224,,,(716) 675-0040,,Plumbers,,,,10/21/2013,active,bronze,Plumbers,,,,,
,,,,Hastings  Son Inc,1704 Military Rd,,United States,New York,Buffalo,14217,(716) 873-1017,,,,,,Hastings  Son Inc,,,1704 Military Rd,,United States,USA,,,New York,NY,Buffalo,,,,14217,,,(716) 873-1017,,Plumbers,,,,10/21/2013,active,bronze,Plumbers,,,,,
,,,,Third Generation Plumbing,4298 Bailey Ave,,United States,New York,Buffalo,14226,(716) 837-1575,,,,,,Third Generation Plumbing,,,4298 Bailey Ave,,United States,USA,,,New York,NY,Buffalo,,,,14226,,,(716) 837-1575,,Plumbers,,,,10/21/2013,active,bronze,Plumbers,,,,,
,,,,Hobjobbers Unlimited,139 Zimmerman Blvd,,United States,New York,Buffalo,14223,(716) 874-0872,,,,,,Hobjobbers Unlimited,,,139 Zimmerman Blvd,,United States,USA,,,New York,NY,Buffalo,,,,14223,,,(716) 874-0872,,Plumbers,,,,10/21/2013,active,bronze,Plumbers,,,,,
,,,,Plumber,90 Pearce Dr,,United States,New York,Buffalo,14226,(716) 773-7473,,,,,,Plumber,,,90 Pearce Dr,,United States,USA,,,New York,NY,Buffalo,,,,14226,,,(716) 773-7473,,Plumbers,,,,10/21/2013,active,bronze,Plumbers,,,,,
,,,,Roy's Plumbing Htg  Cooling,42 Ferndale Ave,,United States,New York,Buffalo,14217,(716) 873-4967,,,,,,Roy's Plumbing Htg  Cooling,,,42 Ferndale Ave,,United States,USA,,,New York,NY,Buffalo,,,,14217,,,(716) 873-4967,,Plumbers,,,,10/21/2013,active,bronze,Plumbers,,,,,
,,,,Mks Plumbing Corp,19 Ransier Dr,,United States,New York,Buffalo,14224,(716) 675-5771,,,,,,Mks Plumbing Corp,,,19 Ransier Dr,,United States,USA,,,New York,NY,Buffalo,,,,14224,,,(716) 675-5771,,Plumbers,,,,10/21/2013,active,bronze,Plumbers,,,,,
,,,,Robert's Heating Co,1101 Niagara Falls Blvd,,United States,New York,Buffalo,14226,(716) 877-1534,,,,,,Robert's Heating Co,,,1101 Niagara Falls Blvd,,United States,USA,,,New York,NY,Buffalo,,,,14226,,,(716) 877-1534,,Plumbers,,,,10/21/2013,active,bronze,Plumbers,,,,,
,,,,Jim Ando Plumbing Inc,4534 Clinton St # 6,,United States,New York,Buffalo,14224,(716) 893-8586,,,,,,Jim Ando Plumbing Inc,,,4534 Clinton St # 6,,United States,USA,,,New York,NY,Buffalo,,,,14224,,,(716) 893-8586,,Plumbers,,,,10/21/2013,active,bronze,Plumbers,,,,,
,,,,Don Powers Inc,224 Pinewood Dr,,United States,New York,Buffalo,14224,(716) 674-0196,,,,,,Don Powers Inc,,,224 Pinewood Dr,,United States,USA,,,New York,NY,Buffalo,,,,14224,,,(716) 674-0196,,Plumbers,,,,10/21/2013,active,bronze,Plumbers,,,,,
,,,,Plumbing Benjamin Franklin,266 Pinewood Dr,,United States,New York,Buffalo,14224,(716) 675-8346,,,,,,Plumbing Benjamin Franklin,,,266 Pinewood Dr,,United States,USA,,,New York,NY,Buffalo,,,,14224,,,(716) 675-8346,,Plumbers,,,,10/21/2013,active,bronze,Plumbers,,,,,
,,,,Freddies Plumbing,76 Patton Pl,,United States,New York,Buffalo,14221,(716) 895-3614,,,,,,Freddies Plumbing,,,76 Patton Pl,,United States,USA,,,New York,NY,Buffalo,,,,14221,,,(716) 895-3614,,Plumbers,,,,10/21/2013,active,bronze,Plumbers,,,,,
,,,,Heinz F Maier Inc,230 Heim Rd,,United States,New York,Buffalo,14221,(716) 688-6767,,,,,,Heinz F Maier Inc,,,230 Heim Rd,,United States,USA,,,New York,NY,Buffalo,,,,14221,,,(716) 688-6767,,Plumbers,,,,10/21/2013,active,bronze,Plumbers,,,,,
,,,,Blast Off Inc,29 Bucyrus Dr,,United States,New York,Buffalo,14228,(716) 691-7013,,,,,,Blast Off Inc,,,29 Bucyrus Dr,,United States,USA,,,New York,NY,Buffalo,,,,14228,,,(716) 691-7013,,Plumbers,,,,10/21/2013,active,bronze,Plumbers,,,,,
,,,,Kandefer Gale M,6245 Sheridan Dr # 116,,United States,New York,Buffalo,14221,(716) 631-0380,,,,,,Kandefer Gale M,,,6245 Sheridan Dr # 116,,United States,USA,,,New York,NY,Buffalo,,,,14221,,,(716) 631-0380,,Plumbers,,,,10/21/2013,active,bronze,Plumbers,,,,,
,,,,Action Plumbing  Heating,399 Country Pkwy,,United States,New York,Buffalo,14221,(716) 634-0133,,,,,,Action Plumbing  Heating,,,399 Country Pkwy,,United States,USA,,,New York,NY,Buffalo,,,,14221,,,(716) 634-0133,,Plumbers,,,,10/21/2013,active,bronze,Plumbers,,,,,
,,,,Hutch Refrigeration Inc,553 Bauman Ct,,United States,New York,Buffalo,14221,(716) 559-1919,,,,,,Hutch Refrigeration Inc,,,553 Bauman Ct,,United States,USA,,,New York,NY,Buffalo,,,,14221,,,(716) 559-1919,,Plumbers,,,,10/21/2013,active,bronze,Plumbers,,,,,
,,,,Musso Plumbing  Heating,8574 Sheridan Dr,,United States,New York,Buffalo,14221,(716) 630-0012,,,,,,Musso Plumbing  Heating,,,8574 Sheridan Dr,,United States,USA,,,New York,NY,Buffalo,,,,14221,,,(716) 630-0012,,Plumbers,,,,10/21/2013,active,bronze,Plumbers,,,,,
,,,,Jones Plumbing,500 Schoelles Rd,,United States,New York,Buffalo,14228,(716) 832-0064,,,,,,Jones Plumbing,,,500 Schoelles Rd,,United States,USA,,,New York,NY,Buffalo,,,,14228,,,(716) 832-0064,,Plumbers,,,,10/21/2013,active,bronze,Plumbers,,,,,
,,,,CEF Plumbing,PO Box 348,,United States,New York,Buffalo,14209,(716) 886-2620,,,,,,CEF Plumbing,,,PO Box 348,,United States,USA,,,New York,NY,Buffalo,,,,14209,,,(716) 886-2620,,Plumbers,,,,10/21/2013,active,bronze,Plumbers,,,,,
,,,,Plumb Rite Of WNY,,,United States,New York,Buffalo,14223,(716) 834-7528,,,,,,Plumb Rite Of WNY,,,,,United States,USA,,,New York,NY,Buffalo,,,,14223,,,(716) 834-7528,,Plumbers,,,,10/21/2013,active,bronze,Plumbers,,,,,
,,,,Mr Plumber Heating  Cooling,,,United States,New York,Buffalo,14207,(716) 873-7473,,,,,,Mr Plumber Heating  Cooling,,,,,United States,USA,,,New York,NY,Buffalo,,,,14207,,,(716) 873-7473,,Plumbers,,,,10/21/2013,active,bronze,Plumbers,,,,,
,,,,Roto Rooter Plumbing  Drain Services,,,United States,New York,Buffalo,14214,(716) 833-2150,,,,,,Roto Rooter Plumbing  Drain Services,,,,,United States,USA,,,New York,NY,Buffalo,,,,14214,,,(716) 833-2150,,Plumbers,,,,10/21/2013,active,bronze,Plumbers,,,,,
,,,,Roto-Rooter Plumbing  Drain,,,United States,New York,Buffalo,14220,(716) 685-2328,,,,,,Roto-Rooter Plumbing  Drain,,,,,United States,USA,,,New York,NY,Buffalo,,,,14220,,,(716) 685-2328,,Plumbers,,,,10/21/2013,active,bronze,Plumbers,,,,,
,,,,T Mark Plumbing,,,United States,New York,Buffalo,14216,(716) 894-7233,,,,,,T Mark Plumbing,,,,,United States,USA,,,New York,NY,Buffalo,,,,14216,,,(716) 894-7233,,Plumbers,,,,10/21/2013,active,bronze,Plumbers,,,,,
,,,,Kandefer Thomas,,,United States,New York,Buffalo,14221,(716) 631-8642,,,,,,Kandefer Thomas,,,,,United States,USA,,,New York,NY,Buffalo,,,,14221,,,(716) 631-8642,,Plumbers,,,,10/21/2013,active,bronze,Plumbers,,,,,
,,,,T Baker Enterprizes Inc,PO Box 1046,,United States,New York,Buffalo,14225,(716) 982-0234,,,,,,T Baker Enterprizes Inc,,,PO Box 1046,,United States,USA,,,New York,NY,Buffalo,,,,14225,,,(716) 982-0234,,Plumbers,,,,10/21/2013,active,bronze,Plumbers,,,,,
,,,,Turner Construction Co,50 Lakefront Blvd,,United States,New York,Buffalo,14202,(716) 842-0597,,,,,,Turner Construction Co,,,50 Lakefront Blvd,,United States,USA,,,New York,NY,Buffalo,,,,14202,,,(716) 842-0597,,Plumbers,,,,10/21/2013,active,bronze,Plumbers,,,,,
,,,,Lincoln Plumbing  Heating,241 Niagara St,,United States,New York,Buffalo,14201,(716) 856-9198,,,,,,Lincoln Plumbing  Heating,,,241 Niagara St,,United States,USA,,,New York,NY,Buffalo,,,,14201,,,(716) 856-9198,,Plumbers,,,,10/21/2013,active,bronze,Plumbers,,,,,
,,,,Seneca Plumbing and Heating,192 Seneca St,,United States,New York,Buffalo,14204,(716) 852-4747,,,,,,Seneca Plumbing and Heating,,,192 Seneca St,,United States,USA,,,New York,NY,Buffalo,,,,14204,,,(716) 852-4747,,Plumbers,,,,10/21/2013,active,bronze,Plumbers,,,,,
,,,,Savarino Construction Corp,26 Mississippi St,,United States,New York,Buffalo,14203,(716) 332-5959,,,,,,Savarino Construction Corp,,,26 Mississippi St,,United States,USA,,,New York,NY,Buffalo,,,,14203,,,(716) 332-5959,,Plumbers,,,,10/21/2013,active,bronze,Plumbers,,,,,
,,,,Licata J Heating  Piping,249 Allen St,,United States,New York,Buffalo,14201,(716) 886-0911,,,,,,Licata J Heating  Piping,,,249 Allen St,,United States,USA,,,New York,NY,Buffalo,,,,14201,,,(716) 886-0911,,Plumbers,,,,10/21/2013,active,bronze,Plumbers,,,,,
,,,,Telco Construction Inc,600 Delaware Ave,,United States,New York,Buffalo,14202,(716) 881-2087,,,,,,Telco Construction Inc,,,600 Delaware Ave,,United States,USA,,,New York,NY,Buffalo,,,,14202,,,(716) 881-2087,,Plumbers,,,,10/21/2013,active,bronze,Plumbers,,,,,
,,,,Joseph Carino Plumbing  Htg,419 Auburn Ave # 2,,United States,New York,Buffalo,14213,(716) 886-7378,,,,,,Joseph Carino Plumbing  Htg,,,419 Auburn Ave # 2,,United States,USA,,,New York,NY,Buffalo,,,,14213,,,(716) 886-7378,,Plumbers,,,,10/21/2013,active,bronze,Plumbers,,,,,
,,,,Pinto Construction Svc,1 Babcock St,,United States,New York,Buffalo,14210,(716) 825-6666,,,,,,Pinto Construction Svc,,,1 Babcock St,,United States,USA,,,New York,NY,Buffalo,,,,14210,,,(716) 825-6666,,Plumbers,,,,10/21/2013,active,bronze,Plumbers,,,,,
,,,,Erb Co Inc,1400 Seneca St,,United States,New York,Buffalo,14210,(716) 825-1400,,,,,,Erb Co Inc,,,1400 Seneca St,,United States,USA,,,New York,NY,Buffalo,,,,14210,,,(716) 825-1400,,Plumbers,,,,10/21/2013,active,bronze,Plumbers,,,,,
,,,,Calabrese General Contracting,1524 Bailey Ave,,United States,New York,Buffalo,14212,(716) 858-1221,,,,,,Calabrese General Contracting,,,1524 Bailey Ave,,United States,USA,,,New York,NY,Buffalo,,,,14212,,,(716) 858-1221,,Plumbers,,,,10/21/2013,active,bronze,Plumbers,,,,,
,,,,Roberson W C Plumbing  Heating,602 E Delavan Ave,,United States,New York,Buffalo,14211,(716) 892-5052,,,,,,Roberson W C Plumbing  Heating,,,602 E Delavan Ave,,United States,USA,,,New York,NY,Buffalo,,,,14211,,,(716) 892-5052,,Plumbers,,,,10/21/2013,active,bronze,Plumbers,,,,,
,,,,Aire Heating Svc,344 Abbott Rd,,United States,New York,Buffalo,14220,(716) 825-8341,,,,,,Aire Heating Svc,,,344 Abbott Rd,,United States,USA,,,New York,NY,Buffalo,,,,14220,,,(716) 825-8341,,Plumbers,,,,10/21/2013,active,bronze,Plumbers,,,,,
,,,,Home Handyman Svc,426 Tonawanda St,,United States,New York,Buffalo,14207,(716) 884-3567,,,,,,Home Handyman Svc,,,426 Tonawanda St,,United States,USA,,,New York,NY,Buffalo,,,,14207,,,(716) 884-3567,,Plumbers,,,,10/21/2013,active,bronze,Plumbers,,,,,
,,,,Seneca Plumbing  Heating Supl,454 Dingens St,,United States,New York,Buffalo,14206,(716) 852-4744,,,,,,Seneca Plumbing  Heating Supl,,,454 Dingens St,,United States,USA,,,New York,NY,Buffalo,,,,14206,,,(716) 852-4744,,Plumbers,,,,10/21/2013,active,bronze,Plumbers,,,,,
,,,,PCS Plumbing  Heating Inc,1 Carter St,,United States,New York,Buffalo,14220,(716) 822-4302,,,,,,PCS Plumbing  Heating Inc,,,1 Carter St,,United States,USA,,,New York,NY,Buffalo,,,,14220,,,(716) 822-4302,,Plumbers,,,,10/21/2013,active,bronze,Plumbers,,,,,
,,,,Surianello General Contractors,635 Wyoming Ave,,United States,New York,Buffalo,14215,(716) 837-7710,,,,,,Surianello General Contractors,,,635 Wyoming Ave,,United States,USA,,,New York,NY,Buffalo,,,,14215,,,(716) 837-7710,,Plumbers,,,,10/21/2013,active,bronze,Plumbers,,,,,
,,,,Colgate Heating Corp,142 Colgate Ave,,United States,New York,Buffalo,14220,(716) 822-8284,,,,,,Colgate Heating Corp,,,142 Colgate Ave,,United States,USA,,,New York,NY,Buffalo,,,,14220,,,(716) 822-8284,,Plumbers,,,,10/21/2013,active,bronze,Plumbers,,,,,
,,,,C J Construction Svc Inc,2129 Broadway St,,United States,New York,Buffalo,14212,(716) 895-3443,,,,,,C J Construction Svc Inc,,,2129 Broadway St,,United States,USA,,,New York,NY,Buffalo,,,,14212,,,(716) 895-3443,,Plumbers,,,,10/21/2013,active,bronze,Plumbers,,,,,
,,,,A I M Plumbing  Heating Co Inc,125 Arthur St,,United States,New York,Buffalo,14207,(716) 838-1202,,,,,,A I M Plumbing  Heating Co Inc,,,125 Arthur St,,United States,USA,,,New York,NY,Buffalo,,,,14207,,,(716) 838-1202,,Plumbers,,,,10/21/2013,active,bronze,Plumbers,,,,,
,,,,Cherri Construction of Wny,50 Ridge Rd,,United States,New York,Buffalo,14218,(716) 821-7996,,,,,,Cherri Construction of Wny,,,50 Ridge Rd,,United States,USA,,,New York,NY,Buffalo,,,,14218,,,(716) 821-7996,,Plumbers,,,,10/21/2013,active,bronze,Plumbers,,,,,
,,,,Jazz Inc DBA Innovative Build ING  Remodeling,1220 Hertel Ave,,United States,New York,Buffalo,14216,(716) 447-7095,,,,,,Jazz Inc DBA Innovative Build ING  Remodeling,,,1220 Hertel Ave,,United States,USA,,,New York,NY,Buffalo,,,,14216,,,(716) 447-7095,,Plumbers,,,,10/21/2013,active,bronze,Plumbers,,,,,
,,,,Armstrong Construction,170 Manhattan Ave,,United States,New York,Buffalo,14215,(716) 831-4115,,,,,,Armstrong Construction,,,170 Manhattan Ave,,United States,USA,,,New York,NY,Buffalo,,,,14215,,,(716) 831-4115,,Plumbers,,,,10/21/2013,active,bronze,Plumbers,,,,,
,,,,Dan's Heating Svc,30 Duerstein ST,,United States,New York,Buffalo,14210,(716) 826-0029,,,,,,Dan's Heating Svc,,,30 Duerstein ST,,United States,USA,,,New York,NY,Buffalo,,,,14210,,,(716) 826-0029,,Plumbers,,,,10/21/2013,active,bronze,Plumbers,,,,,
,,,,Cando Construction of New Tork,345 Ridge Rd,,United States,New York,Buffalo,14218,(716) 823-1286,,,,,,Cando Construction of New Tork,,,345 Ridge Rd,,United States,USA,,,New York,NY,Buffalo,,,,14218,,,(716) 823-1286,,Plumbers,,,,10/21/2013,active,bronze,Plumbers,,,,,
,,,,Cozzwill Inc,622 Tacoma Ave # 1,,United States,New York,Buffalo,14216,(716) 856-6650,,,,,,Cozzwill Inc,,,622 Tacoma Ave # 1,,United States,USA,,,New York,NY,Buffalo,,,,14216,,,(716) 856-6650,,Plumbers,,,,10/21/2013,active,bronze,Plumbers,,,,,
,,,,Di Pizio Construction Co,100 Stradtman St,,United States,New York,Buffalo,14206,(716) 892-1097,,,,,,Di Pizio Construction Co,,,100 Stradtman St,,United States,USA,,,New York,NY,Buffalo,,,,14206,,,(716) 892-1097,,Plumbers,,,,10/21/2013,active,bronze,Plumbers,,,,,
,,,,Paul E Vogel Plumbing  Heating Inc,814 Mineral Springs Rd,,United States,New York,Buffalo,14224,(716) 823-0968,,,,,,Paul E Vogel Plumbing  Heating Inc,,,814 Mineral Springs Rd,,United States,USA,,,New York,NY,Buffalo,,,,14224,,,(716) 823-0968,,Plumbers,,,,10/21/2013,active,bronze,Plumbers,,,,,
,,,,Jim's Electric  General Contr,289 Ramsdell Ave,,United States,New York,Buffalo,14216,(716) 876-8686,,,,,,Jim's Electric  General Contr,,,289 Ramsdell Ave,,United States,USA,,,New York,NY,Buffalo,,,,14216,,,(716) 876-8686,,Plumbers,,,,10/21/2013,active,bronze,Plumbers,,,,,
,,,,Rainbow Plumbing,230 Sanders Rd,,United States,New York,Buffalo,14216,(716) 876-7610,,,,,,Rainbow Plumbing,,,230 Sanders Rd,,United States,USA,,,New York,NY,Buffalo,,,,14216,,,(716) 876-7610,,Plumbers,,,,10/21/2013,active,bronze,Plumbers,,,,,
,,,,Tarico Brothers Construction,2660 Seneca St Ste 5,,United States,New York,Buffalo,14224,(716) 828-2227,,,,,,Tarico Brothers Construction,,,2660 Seneca St Ste 5,,United States,USA,,,New York,NY,Buffalo,,,,14224,,,(716) 828-2227,,Plumbers,,,,10/21/2013,active,bronze,Plumbers,,,,,
,,,,Lent Builders Inc,135 W Hazeltine Ave,,United States,New York,Buffalo,14217,(716) 876-7816,,,,,,Lent Builders Inc,,,135 W Hazeltine Ave,,United States,USA,,,New York,NY,Buffalo,,,,14217,,,(716) 876-7816,,Plumbers,,,,10/21/2013,active,bronze,Plumbers,,,,,
,,,,Kimil Construction Inc,485 Kennedy Rd,,United States,New York,Buffalo,14227,(716) 893-3660,,,,,,Kimil Construction Inc,,,485 Kennedy Rd,,United States,USA,,,New York,NY,Buffalo,,,,14227,,,(716) 893-3660,,Plumbers,,,,10/21/2013,active,bronze,Plumbers,,,,,
,,,,Schmidt Heat  Plumbing,45 Evelyn St,,United States,New York,Buffalo,14207,(716) 876-5812,,,,,,Schmidt Heat  Plumbing,,,45 Evelyn St,,United States,USA,,,New York,NY,Buffalo,,,,14207,,,(716) 876-5812,,Plumbers,,,,10/21/2013,active,bronze,Plumbers,,,,,
,,,,Advanced Sewer  Drain Clnng,228 Tremaine Ave,,United States,New York,Buffalo,14217,(716) 877-2196,,,,,,Advanced Sewer  Drain Clnng,,,228 Tremaine Ave,,United States,USA,,,New York,NY,Buffalo,,,,14217,,,(716) 877-2196,,Plumbers,,,,10/21/2013,active,bronze,Plumbers,,,,,
,,,,Lamparelli Construction Co,590 Kennedy Rd,,United States,New York,Buffalo,14227,(716) 891-8599,,,,,,Lamparelli Construction Co,,,590 Kennedy Rd,,United States,USA,,,New York,NY,Buffalo,,,,14227,,,(716) 891-8599,,Plumbers,,,,10/21/2013,active,bronze,Plumbers,,,,,
,,,,Cir Electrical Constr Corp,400 Ingham Ave,,United States,New York,Buffalo,14218,(716) 362-5000,,,,,,Cir Electrical Constr Corp,,,400 Ingham Ave,,United States,USA,,,New York,NY,Buffalo,,,,14218,,,(716) 362-5000,,Plumbers,,,,10/21/2013,active,bronze,Plumbers,,,,,
,,,,Ultra Services,2560 Hamburg Tpke,,United States,New York,Buffalo,14218,(716) 825-9239,,,,,,Ultra Services,,,2560 Hamburg Tpke,,United States,USA,,,New York,NY,Buffalo,,,,14218,,,(716) 825-9239,,Plumbers,,,,10/21/2013,active,bronze,Plumbers,,,,,
,,,,Day  Night Plumbing Co,110 S Shore Blvd,,United States,New York,Buffalo,14218,(716) 824-4408,,,,,,Day  Night Plumbing Co,,,110 S Shore Blvd,,United States,USA,,,New York,NY,Buffalo,,,,14218,,,(716) 824-4408,,Plumbers,,,,10/21/2013,active,bronze,Plumbers,,,,,
,,,,Palmeri Builders Inc,79 Victoria Blvd,,United States,New York,Buffalo,14217,(716) 873-5418,,,,,,Palmeri Builders Inc,,,79 Victoria Blvd,,United States,USA,,,New York,NY,Buffalo,,,,14217,,,(716) 873-5418,,Plumbers,,,,10/21/2013,active,bronze,Plumbers,,,,,
,,,,Aquajet Sewer Svc Corp,402 Vulcan St,,United States,New York,Buffalo,14207,(716) 877-1534,,,,,,Aquajet Sewer Svc Corp,,,402 Vulcan St,,United States,USA,,,New York,NY,Buffalo,,,,14207,,,(716) 877-1534,,Plumbers,,,,10/21/2013,active,bronze,Plumbers,,,,,
,,,,Patricks Plumbing Inc,577 Englewood Ave,,United States,New York,Buffalo,14223,(716) 836-8171,,,,,,Patricks Plumbing Inc,,,577 Englewood Ave,,United States,USA,,,New York,NY,Buffalo,,,,14223,,,(716) 836-8171,,Plumbers,,,,10/21/2013,active,bronze,Plumbers,,,,,
,,,,A United Home Improvement,91 Nassau Ave,,United States,New York,Buffalo,14217,(716) 877-0098,,,,,,A United Home Improvement,,,91 Nassau Ave,,United States,USA,,,New York,NY,Buffalo,,,,14217,,,(716) 877-0098,,Plumbers,,,,10/21/2013,active,bronze,Plumbers,,,,,
,,,,A B  N Plumbing  Heating Co,251 Fayette Ave,,United States,New York,Buffalo,14223,(716) 834-3873,,,,,,A B  N Plumbing  Heating Co,,,251 Fayette Ave,,United States,USA,,,New York,NY,Buffalo,,,,14223,,,(716) 834-3873,,Plumbers,,,,10/21/2013,active,bronze,Plumbers,,,,,
,,,,Fred Skinner Construction Co,196 Deumant Ter,,United States,New York,Buffalo,14223,(716) 873-1324,,,,,,Fred Skinner Construction Co,,,196 Deumant Ter,,United States,USA,,,New York,NY,Buffalo,,,,14223,,,(716) 873-1324,,Plumbers,,,,10/21/2013,active,bronze,Plumbers,,,,,
,,,,F  D Construction,3020 Clinton St # 3,,United States,New York,Buffalo,14224,(716) 824-5430,,,,,,F  D Construction,,,3020 Clinton St # 3,,United States,USA,,,New York,NY,Buffalo,,,,14224,,,(716) 824-5430,,Plumbers,,,,10/21/2013,active,bronze,Plumbers,,,,,
,,,,Nichter Associates Inc,3435 Harlem Rd # 9,,United States,New York,Buffalo,14225,(716) 862-4285,,,,,,Nichter Associates Inc,,,3435 Harlem Rd # 9,,United States,USA,,,New York,NY,Buffalo,,,,14225,,,(716) 862-4285,,Plumbers,,,,10/21/2013,active,bronze,Plumbers,,,,,
,,,,Klemat Plumbing  Heating Inc,3280 S Park Ave Apt 2,,United States,New York,Buffalo,14218,(716) 826-0002,,,,,,Klemat Plumbing  Heating Inc,,,3280 S Park Ave Apt 2,,United States,USA,,,New York,NY,Buffalo,,,,14218,,,(716) 826-0002,,Plumbers,,,,10/21/2013,active,bronze,Plumbers,,,,,
,,,,Cypress Development,3121 Clinton St,,United States,New York,Buffalo,14224,(716) 668-1068,,,,,,Cypress Development,,,3121 Clinton St,,United States,USA,,,New York,NY,Buffalo,,,,14224,,,(716) 668-1068,,Plumbers,,,,10/21/2013,active,bronze,Plumbers,,,,,
,,,,John Lock Air Cond  Heating,3120 Genesee St,,United States,New York,Buffalo,14225,(716) 894-6400,,,,,,John Lock Air Cond  Heating,,,3120 Genesee St,,United States,USA,,,New York,NY,Buffalo,,,,14225,,,(716) 894-6400,,Plumbers,,,,10/21/2013,active,bronze,Plumbers,,,,,
,,,,BRENDANS Plumbing,135 N End Ave,,United States,New York,Buffalo,14217,(716) 877-3569,,,,,,BRENDANS Plumbing,,,135 N End Ave,,United States,USA,,,New York,NY,Buffalo,,,,14217,,,(716) 877-3569,,Plumbers,,,,10/21/2013,active,bronze,Plumbers,,,,,
,,,,K T Construction Svc Inc,1345 Military Rd,,United States,New York,Buffalo,14217,(716) 877-0780,,,,,,K T Construction Svc Inc,,,1345 Military Rd,,United States,USA,,,New York,NY,Buffalo,,,,14217,,,(716) 877-0780,,Plumbers,,,,10/21/2013,active,bronze,Plumbers,,,,,
,,,,Trademaster Contracting Inc,3279 Clinton St,,United States,New York,Buffalo,14224,(716) 668-5851,,,,,,Trademaster Contracting Inc,,,3279 Clinton St,,United States,USA,,,New York,NY,Buffalo,,,,14224,,,(716) 668-5851,,Plumbers,,,,10/21/2013,active,bronze,Plumbers,,,,,
,,,,Cecchini Plumbing  Heating,3290 Genesee St,,United States,New York,Buffalo,14225,(716) 894-3991,,,,,,Cecchini Plumbing  Heating,,,3290 Genesee St,,United States,USA,,,New York,NY,Buffalo,,,,14225,,,(716) 894-3991,,Plumbers,,,,10/21/2013,active,bronze,Plumbers,,,,,
,,,,Home Quality Care,3352 Genesee St,,United States,New York,Buffalo,14225,(716) 634-8310,,,,,,Home Quality Care,,,3352 Genesee St,,United States,USA,,,New York,NY,Buffalo,,,,14225,,,(716) 634-8310,,Plumbers,,,,10/21/2013,active,bronze,Plumbers,,,,,
,,,,Sieger Ross  Aguire,3960 Harlem Rd Ste 14,,United States,New York,Buffalo,14226,(716) 839-1301,,,,,,Sieger Ross  Aguire,,,3960 Harlem Rd Ste 14,,United States,USA,,,New York,NY,Buffalo,,,,14226,,,(716) 839-1301,,Plumbers,,,,10/21/2013,active,bronze,Plumbers,,,,,
,,,,Jason Kelly Sewer Construction,45 Pearl Ave,,United States,New York,Buffalo,14219,(716) 824-0350,,,,,,Jason Kelly Sewer Construction,,,45 Pearl Ave,,United States,USA,,,New York,NY,Buffalo,,,,14219,,,(716) 824-0350,,Plumbers,,,,10/21/2013,active,bronze,Plumbers,,,,,
,,,,Northtowns Remodeling Corp.,1589 Sheridan Drive,,United States,New York,Buffalo,14217,(716) 876-1824,,,,,,Northtowns Remodeling Corp.,,,1589 Sheridan Drive,,United States,USA,,,New York,NY,Buffalo,,,,14217,,,(716) 876-1824,,Plumbers,,,,10/21/2013,active,bronze,Plumbers,,,,,
,,,,Lake Erie Construction,70 Iris Ave,,United States,New York,Buffalo,14224,(716) 674-1424,,,,,,Lake Erie Construction,,,70 Iris Ave,,United States,USA,,,New York,NY,Buffalo,,,,14224,,,(716) 674-1424,,Plumbers,,,,10/21/2013,active,bronze,Plumbers,,,,,
,,,,Ocm,116 Edison St,,United States,New York,Buffalo,14218,(716) 826-3566,,,,,,Ocm,,,116 Edison St,,United States,USA,,,New York,NY,Buffalo,,,,14218,,,(716) 826-3566,,Plumbers,,,,10/21/2013,active,bronze,Plumbers,,,,,
,,,,Lardon Construction Corp,108 Lake Ave,,United States,New York,Buffalo,14219,(716) 822-4642,,,,,,Lardon Construction Corp,,,108 Lake Ave,,United States,USA,,,New York,NY,Buffalo,,,,14219,,,(716) 822-4642,,Plumbers,,,,10/21/2013,active,bronze,Plumbers,,,,,
,,,,PPG Industries,2500 Walden Ave,,United States,New York,Buffalo,14225,(716) 651-9634,,,,,,PPG Industries,,,2500 Walden Ave,,United States,USA,,,New York,NY,Buffalo,,,,14225,,,(716) 651-9634,,Plumbers,,,,10/21/2013,active,bronze,Plumbers,,,,,
,,,,J P Heating  Cooling,195 Fancher Ave,,United States,New York,Buffalo,14223,(716) 832-8200,,,,,,J P Heating  Cooling,,,195 Fancher Ave,,United States,USA,,,New York,NY,Buffalo,,,,14223,,,(716) 832-8200,,Plumbers,,,,10/21/2013,active,bronze,Plumbers,,,,,
,,,,John D. Huck Plumbing,4298 Bailey Ave,,United States,New York,Buffalo,14226,(716) 837-1575,,,,,,John D. Huck Plumbing,,,4298 Bailey Ave,,United States,USA,,,New York,NY,Buffalo,,,,14226,,,(716) 837-1575,,Plumbers,,,,10/21/2013,active,bronze,Plumbers,,,,,
,,,,Kevin's Home Services,238 Oakridge Ave,,United States,New York,Buffalo,14217,(716) 868-9818,,,,,,Kevin's Home Services,,,238 Oakridge Ave,,United States,USA,,,New York,NY,Buffalo,,,,14217,,,(716) 868-9818,,Plumbers,,,,10/21/2013,active,bronze,Plumbers,,,,,
,,,,Allstate Development Inc,31 Ransier Dr,,United States,New York,Buffalo,14224,(716) 675-0333,,,,,,Allstate Development Inc,,,31 Ransier Dr,,United States,USA,,,New York,NY,Buffalo,,,,14224,,,(716) 675-0333,,Plumbers,,,,10/21/2013,active,bronze,Plumbers,,,,,
,,,,Caysea Contracting Corp,60 Ransier Dr,,United States,New York,Buffalo,14224,(716) 677-4858,,,,,,Caysea Contracting Corp,,,60 Ransier Dr,,United States,USA,,,New York,NY,Buffalo,,,,14224,,,(716) 677-4858,,Plumbers,,,,10/21/2013,active,bronze,Plumbers,,,,,
,,,,Ivy Lea Construction,440 Northwood Dr,,United States,New York,Buffalo,14223,(716) 875-8654,,,,,,Ivy Lea Construction,,,440 Northwood Dr,,United States,USA,,,New York,NY,Buffalo,,,,14223,,,(716) 875-8654,,Plumbers,,,,10/21/2013,active,bronze,Plumbers,,,,,
,,,,Reader S Source Of Western Ny,759 Dick Rd,,United States,New York,Buffalo,14225,(716) 685-1610,,,,,,Reader S Source Of Western Ny,,,759 Dick Rd,,United States,USA,,,New York,NY,Buffalo,,,,14225,,,(716) 685-1610,,Plumbers,,,,10/21/2013,active,bronze,Plumbers,,,,,
,,,,Cloverbank Construction Co,3737 Lake Shore Rd,,United States,New York,Buffalo,14219,(716) 826-7538,,,,,,Cloverbank Construction Co,,,3737 Lake Shore Rd,,United States,USA,,,New York,NY,Buffalo,,,,14219,,,(716) 826-7538,,Plumbers,,,,10/21/2013,active,bronze,Plumbers,,,,,
,,,,Snyder Place,4925 Main St,,United States,New York,Buffalo,14226,(716) 839-3714,,,,,,Snyder Place,,,4925 Main St,,United States,USA,,,New York,NY,Buffalo,,,,14226,,,(716) 839-3714,,Plumbers,,,,10/21/2013,active,bronze,Plumbers,,,,,
,,,,Herbert F Darling Inc,131 California Dr,,United States,New York,Buffalo,14221,(716) 632-1125,,,,,,Herbert F Darling Inc,,,131 California Dr,,United States,USA,,,New York,NY,Buffalo,,,,14221,,,(716) 632-1125,,Plumbers,,,,10/21/2013,active,bronze,Plumbers,,,,,
,,,,New Tech Commercial Constr,3861 McKinley Pkwy,,United States,New York,Buffalo,14219,(716) 822-4580,,,,,,New Tech Commercial Constr,,,3861 McKinley Pkwy,,United States,USA,,,New York,NY,Buffalo,,,,14219,,,(716) 822-4580,,Plumbers,,,,10/21/2013,active,bronze,Plumbers,,,,,
,,,,Tschetter's Complete Home,4560 Clinton St,,United States,New York,Buffalo,14224,(716) 656-7311,,,,,,Tschetter's Complete Home,,,4560 Clinton St,,United States,USA,,,New York,NY,Buffalo,,,,14224,,,(716) 656-7311,,Plumbers,,,,10/21/2013,active,bronze,Plumbers,,,,,
,,,,Bajrangee Inc,3950 McKinley Pkwy,,United States,New York,Buffalo,14219,(716) 648-0900,,,,,,Bajrangee Inc,,,3950 McKinley Pkwy,,United States,USA,,,New York,NY,Buffalo,,,,14219,,,(716) 648-0900,,Plumbers,,,,10/21/2013,active,bronze,Plumbers,,,,,
,,,,L  R Plumbing  Heating Inc,244 Aero Dr,,United States,New York,Buffalo,14225,(716) 632-5605,,,,,,L  R Plumbing  Heating Inc,,,244 Aero Dr,,United States,USA,,,New York,NY,Buffalo,,,,14225,,,(716) 632-5605,,Plumbers,,,,10/21/2013,active,bronze,Plumbers,,,,,
,,,,Constructions Solutions,4250 Ridge Lea Rd,,United States,New York,Buffalo,14226,(716) 833-6850,,,,,,Constructions Solutions,,,4250 Ridge Lea Rd,,United States,USA,,,New York,NY,Buffalo,,,,14226,,,(716) 833-6850,,Plumbers,,,,10/21/2013,active,bronze,Plumbers,,,,,
,,,,ATM Plumbing  Sewer Inc.,1194 Seneca Creek Rd,,United States,New York,Buffalo,14224,(716) 447-1559,,,,,,ATM Plumbing  Sewer Inc.,,,1194 Seneca Creek Rd,,United States,USA,,,New York,NY,Buffalo,,,,14224,,,(716) 447-1559,,Plumbers,,,,10/21/2013,active,bronze,Plumbers,,,,,
,,,,Airport Firewood  Heating Co,70 Garrison Rd,,United States,New York,Buffalo,14221,(716) 634-9300,,,,,,Airport Firewood  Heating Co,,,70 Garrison Rd,,United States,USA,,,New York,NY,Buffalo,,,,14221,,,(716) 634-9300,,Plumbers,,,,10/21/2013,active,bronze,Plumbers,,,,,
,,,,Dipizio Construction Co Inc,631 Aero Dr,,United States,New York,Buffalo,14225,(716) 634-0440,,,,,,Dipizio Construction Co Inc,,,631 Aero Dr,,United States,USA,,,New York,NY,Buffalo,,,,14225,,,(716) 634-0440,,Plumbers,,,,10/21/2013,active,bronze,Plumbers,,,,,
,,,,Optimus Construction,999 Rein Rd,,United States,New York,Buffalo,14225,(716) 634-3422,,,,,,Optimus Construction,,,999 Rein Rd,,United States,USA,,,New York,NY,Buffalo,,,,14225,,,(716) 634-3422,,Plumbers,,,,10/21/2013,active,bronze,Plumbers,,,,,
,,,,Di Salvo Construction,24 Rue Madeleine,,United States,New York,Buffalo,14221,(716) 633-7700,,,,,,Di Salvo Construction,,,24 Rue Madeleine,,United States,USA,,,New York,NY,Buffalo,,,,14221,,,(716) 633-7700,,Plumbers,,,,10/21/2013,active,bronze,Plumbers,,,,,
,,,,Summer Heating Co Inc,11 N Brier Rd,,United States,New York,Buffalo,14228,(716) 882-1000,,,,,,Summer Heating Co Inc,,,11 N Brier Rd,,United States,USA,,,New York,NY,Buffalo,,,,14228,,,(716) 882-1000,,Plumbers,,,,10/21/2013,active,bronze,Plumbers,,,,,
,,,,Lotus Horizons,300 International Dr,,United States,New York,Buffalo,14221,(716) 626-3077,,,,,,Lotus Horizons,,,300 International Dr,,United States,USA,,,New York,NY,Buffalo,,,,14221,,,(716) 626-3077,,Plumbers,,,,10/21/2013,active,bronze,Plumbers,,,,,
,,,,Kanaidan Construction Corp,430 Lawrence Bell Dr,,United States,New York,Buffalo,14221,(716) 631-2660,,,,,,Kanaidan Construction Corp,,,430 Lawrence Bell Dr,,United States,USA,,,New York,NY,Buffalo,,,,14221,,,(716) 631-2660,,Plumbers,,,,10/21/2013,active,bronze,Plumbers,,,,,
,,,,Lakestone Development,17 Limestone Dr # 2,,United States,New York,Buffalo,14221,(716) 631-1905,,,,,,Lakestone Development,,,17 Limestone Dr # 2,,United States,USA,,,New York,NY,Buffalo,,,,14221,,,(716) 631-1905,,Plumbers,,,,10/21/2013,active,bronze,Plumbers,,,,,
,,,,Sunset Plumbing  Heating,112 Hubbardston Pl,,United States,New York,Buffalo,14228,(716) 691-5619,,,,,,Sunset Plumbing  Heating,,,112 Hubbardston Pl,,United States,USA,,,New York,NY,Buffalo,,,,14228,,,(716) 691-5619,,Plumbers,,,,10/21/2013,active,bronze,Plumbers,,,,,
,,,,Construction Services Group,2455 Wehrle Dr,,United States,New York,Buffalo,14221,(716) 633-4308,,,,,,Construction Services Group,,,2455 Wehrle Dr,,United States,USA,,,New York,NY,Buffalo,,,,14221,,,(716) 633-4308,,Plumbers,,,,10/21/2013,active,bronze,Plumbers,,,,,
,,,,Hughesco Inc,140 Irwin Rd,,United States,New York,Buffalo,14228,(716) 691-4663,,,,,,Hughesco Inc,,,140 Irwin Rd,,United States,USA,,,New York,NY,Buffalo,,,,14228,,,(716) 691-4663,,Plumbers,,,,10/21/2013,active,bronze,Plumbers,,,,,
,,,,Janik Paving  Construction,867 Hopkins Rd,,United States,New York,Buffalo,14221,(716) 639-1163,,,,,,Janik Paving  Construction,,,867 Hopkins Rd,,United States,USA,,,New York,NY,Buffalo,,,,14221,,,(716) 639-1163,,Plumbers,,,,10/21/2013,active,bronze,Plumbers,,,,,
,,,,Edbauer Building Inc,154 Sagewood Ter,,United States,New York,Buffalo,14221,(716) 633-9225,,,,,,Edbauer Building Inc,,,154 Sagewood Ter,,United States,USA,,,New York,NY,Buffalo,,,,14221,,,(716) 633-9225,,Plumbers,,,,10/21/2013,active,bronze,Plumbers,,,,,
,,,,C S Inc,80 Pineview Dr,,United States,New York,Buffalo,14228,(716) 691-6600,,,,,,C S Inc,,,80 Pineview Dr,,United States,USA,,,New York,NY,Buffalo,,,,14228,,,(716) 691-6600,,Plumbers,,,,10/21/2013,active,bronze,Plumbers,,,,,
,,,,Clover Construction,465 John James Audubon Pkwy,,United States,New York,Buffalo,14228,(716) 636-0494,,,,,,Clover Construction,,,465 John James Audubon Pkwy,,United States,USA,,,New York,NY,Buffalo,,,,14228,,,(716) 636-0494,,Plumbers,,,,10/21/2013,active,bronze,Plumbers,,,,,
,,,,R  R's Remodeling,4290 Harris Hill Rd,,United States,New York,Buffalo,14221,(716) 580-3075,,,,,,R  R's Remodeling,,,4290 Harris Hill Rd,,United States,USA,,,New York,NY,Buffalo,,,,14221,,,(716) 580-3075,,Plumbers,,,,10/21/2013,active,bronze,Plumbers,,,,,
,,,,L A Hazard  Sons Inc,5605 Harris Hill Rd,,United States,New York,Buffalo,14221,(716) 741-4124,,,,,,L A Hazard  Sons Inc,,,5605 Harris Hill Rd,,United States,USA,,,New York,NY,Buffalo,,,,14221,,,(716) 741-4124,,Plumbers,,,,10/21/2013,active,bronze,Plumbers,,,,,
,,,,Bob Stephens Huck,1265 New Rd,,United States,New York,Buffalo,14228,(716) 632-1149,,,,,,Bob Stephens Huck,,,1265 New Rd,,United States,USA,,,New York,NY,Buffalo,,,,14228,,,(716) 632-1149,,Plumbers,,,,10/21/2013,active,bronze,Plumbers,,,,,
,,,,PIPES PLUMBING,,,United States,New York,Buffalo,14206,(716) 545-4319,,,,,,PIPES PLUMBING,,,,,United States,USA,,,New York,NY,Buffalo,,,,14206,,,(716) 545-4319,,Plumbers,,,,10/21/2013,active,bronze,Plumbers,,,,,
,,,,Albi The Handyman,,,United States,New York,Buffalo,14212,(716) 715-4545,,,,,,Albi The Handyman,,,,,United States,USA,,,New York,NY,Buffalo,,,,14212,,,(716) 715-4545,,Plumbers,,,,10/21/2013,active,bronze,Plumbers,,,,,
,,,,Superior Plumbing  Rooter Service,,,United States,New York,Buffalo,14220,(716) 825-5032,,,,,,Superior Plumbing  Rooter Service,,,,,United States,USA,,,New York,NY,Buffalo,,,,14220,,,(716) 825-5032,,Plumbers,,,,10/21/2013,active,bronze,Plumbers,,,,,
,,,,Romeo's Superior Improvements,,,United States,New York,Buffalo,14214,(716) 838-4436,,,,,,Romeo's Superior Improvements,,,,,United States,USA,,,New York,NY,Buffalo,,,,14214,,,(716) 838-4436,,Plumbers,,,,10/21/2013,active,bronze,Plumbers,,,,,
,,,,Aurora Construction,,,United States,New York,Buffalo,14201,(716) 479-1218,,,,,,Aurora Construction,,,,,United States,USA,,,New York,NY,Buffalo,,,,14201,,,(716) 479-1218,,Plumbers,,,,10/21/2013,active,bronze,Plumbers,,,,,
,,,,Rock Solid Construction,,,United States,New York,Buffalo,14201,(716) 818-3575,,,,,,Rock Solid Construction,,,,,United States,USA,,,New York,NY,Buffalo,,,,14201,,,(716) 818-3575,,Plumbers,,,,10/21/2013,active,bronze,Plumbers,,,,,
,,,,Yuhl's Fred H Sons Plumbing  Heating,,,United States,New York,Buffalo,14221,(716) 634-0325,,,,,,Yuhl's Fred H Sons Plumbing  Heating,,,,,United States,USA,,,New York,NY,Buffalo,,,,14221,,,(716) 634-0325,,Plumbers,,,,10/21/2013,active,bronze,Plumbers,,,,,
,,,,Delta P Inc,88 Franklin St,,United States,New York,Lackawanna,14218,(716) 830-6623,,,,,,Delta P Inc,,,88 Franklin St,,United States,USA,,,New York,NY,Lackawanna,,,,14218,,,(716) 830-6623,,Plumbers,,,,10/21/2013,active,bronze,Plumbers,,,,,
,,,,MLP Plumbing  Mechanical,3198 Union Rd,,United States,New York,Cheektowaga,14227,(716) 681-6997,,,,,,MLP Plumbing  Mechanical,,,3198 Union Rd,,United States,USA,,,New York,NY,Cheektowaga,,,,14227,,,(716) 681-6997,,Plumbers,,,,10/21/2013,active,bronze,Plumbers,,,,,
,,,,Ackerman Plumbing Inc,678 Sheridan Dr,,United States,New York,Tonawanda,14150,(716) 877-7448,,,,,,Ackerman Plumbing Inc,,,678 Sheridan Dr,,United States,USA,,,New York,NY,Tonawanda,,,,14150,,,(716) 877-7448,,Plumbers,,,,10/21/2013,active,bronze,Plumbers,,,,,
,,,,Roys Plumbing,140 Cooper Ave,,United States,New York,Tonawanda,14150,(716) 873-5000,,,,,,Roys Plumbing,,,140 Cooper Ave,,United States,USA,,,New York,NY,Tonawanda,,,,14150,,,(716) 873-5000,,Plumbers,,,,10/21/2013,active,bronze,Plumbers,,,,,
,,,,Douglas Plumbing,140 Cooper Ave,,United States,New York,Tonawanda,14150,(716) 662-4829,,,,,,Douglas Plumbing,,,140 Cooper Ave,,United States,USA,,,New York,NY,Tonawanda,,,,14150,,,(716) 662-4829,,Plumbers,,,,10/21/2013,active,bronze,Plumbers,,,,,
,,,,Frank's Commercial  Home Service,90 Pearce Ave,,United States,New York,Tonawanda,14150,(716) 875-4357,,,,,,Frank's Commercial  Home Service,,,90 Pearce Ave,,United States,USA,,,New York,NY,Tonawanda,,,,14150,,,(716) 875-4357,,Plumbers,,,,10/21/2013,active,bronze,Plumbers,,,,,
,,,,Waterworks Plumbing  Backflow Inc.,222 Treadwell Rd,,United States,New York,Tonawanda,14150,(716) 998-7058,,,,,,Waterworks Plumbing  Backflow Inc.,,,222 Treadwell Rd,,United States,USA,,,New York,NY,Tonawanda,,,,14150,,,(716) 998-7058,,Plumbers,,,,10/21/2013,active,bronze,Plumbers,,,,,
,,,,GBG Inc,225 Fire Tower Dr,,United States,New York,Tonawanda,14150,(716) 693-3700,,,,,,GBG Inc,,,225 Fire Tower Dr,,United States,USA,,,New York,NY,Tonawanda,,,,14150,,,(716) 693-3700,,Plumbers,,,,10/21/2013,active,bronze,Plumbers,,,,,
,,,,Brighton Plumbing Inc,21 Jamaica Rd,,United States,New York,Tonawanda,14150,(716) 835-0360,,,,,,Brighton Plumbing Inc,,,21 Jamaica Rd,,United States,USA,,,New York,NY,Tonawanda,,,,14150,,,(716) 835-0360,,Plumbers,,,,10/21/2013,active,bronze,Plumbers,,,,,
,,,,Erie Plumbing  Remodeling,2411 Fix Rd,,United States,New York,Grand Island,14072,(716) 773-3872,,,,,,Erie Plumbing  Remodeling,,,2411 Fix Rd,,United States,USA,,,New York,NY,Grand Island,,,,14072,,,(716) 773-3872,,Plumbers,,,,10/21/2013,active,bronze,Plumbers,,,,,
,,,,Ed Young's Plumbing,5641 Main St,,United States,New York,Williamsville,14221,(716) 632-3150,,,,,,Ed Young's Plumbing,,,5641 Main St,,United States,USA,,,New York,NY,Williamsville,,,,14221,,,(716) 632-3150,,Plumbers,,,,10/21/2013,active,bronze,Plumbers,,,,,
,,,,Waterworks Plumbing  Backflow Inc,202 Roosevelt St,,United States,New York,Tonawanda,14150,(716) 696-6122,,,,,,Waterworks Plumbing  Backflow Inc,,,202 Roosevelt St,,United States,USA,,,New York,NY,Tonawanda,,,,14150,,,(716) 696-6122,,Plumbers,,,,10/21/2013,active,bronze,Plumbers,,,,,
,,,,Mark's Plumbing,314 Delaware St,,United States,New York,Tonawanda,14150,(716) 694-6711,,,,,,Mark's Plumbing,,,314 Delaware St,,United States,USA,,,New York,NY,Tonawanda,,,,14150,,,(716) 694-6711,,Plumbers,,,,10/21/2013,active,bronze,Plumbers,,,,,
,,,,Songin Jennifer F,310 Sterling DR,,United States,New York,Orchard Park,14127,(716) 677-6800,,,,,,Songin Jennifer F,,,310 Sterling DR,,United States,USA,,,New York,NY,Orchard Park,,,,14127,,,(716) 677-6800,,Plumbers,,,,10/21/2013,active,bronze,Plumbers,,,,,
,,,,D V Brown  Assoc,567 Vickers St,,United States,New York,Tonawanda,14150,(716) 695-5533,,,,,,D V Brown  Assoc,,,567 Vickers St,,United States,USA,,,New York,NY,Tonawanda,,,,14150,,,(716) 695-5533,,Plumbers,,,,10/21/2013,active,bronze,Plumbers,,,,,
,,,,Bison Plumbing City Incorporated,3259 Walden Ave,,United States,New York,Depew,14043,(585) 530-2657,,,,,,Bison Plumbing City Incorporated,,,3259 Walden Ave,,United States,USA,,,New York,NY,Depew,,,,14043,,,(585) 530-2657,,Plumbers,,,,10/21/2013,active,bronze,Plumbers,,,,,
,,,,MCD Plumbing Inc,2881 Southwestern Blvd # 3,,United States,New York,Orchard Park,14127,(716) 677-1880,,,,,,MCD Plumbing Inc,,,2881 Southwestern Blvd # 3,,United States,USA,,,New York,NY,Orchard Park,,,,14127,,,(716) 677-1880,,Plumbers,,,,10/21/2013,active,bronze,Plumbers,,,,,
,,,,Superior Plumbing,2160 Niagara Falls Blvd,,United States,New York,Tonawanda,14150,(716) 694-1149,,,,,,Superior Plumbing,,,2160 Niagara Falls Blvd,,United States,USA,,,New York,NY,Tonawanda,,,,14150,,,(716) 694-1149,,Plumbers,,,,10/21/2013,active,bronze,Plumbers,,,,,
,,,,Lancaster Plumbing,450 Gould Ave,,United States,New York,Depew,14043,(716) 685-2399,,,,,,Lancaster Plumbing,,,450 Gould Ave,,United States,USA,,,New York,NY,Depew,,,,14043,,,(716) 685-2399,,Plumbers,,,,10/21/2013,active,bronze,Plumbers,,,,,
,,,,Western New York Plumbing,6326 Transit Rd,,United States,New York,Depew,14043,(716) 683-5455,,,,,,Western New York Plumbing,,,6326 Transit Rd,,United States,USA,,,New York,NY,Depew,,,,14043,,,(716) 683-5455,,Plumbers,,,,10/21/2013,active,bronze,Plumbers,,,,,
,,,,Roto Rooter Plumbing  Drain Services,1988 Grand Island Blvd,,United States,New York,Grand Island,14072,(716) 773-2239,,,,,,Roto Rooter Plumbing  Drain Services,,,1988 Grand Island Blvd,,United States,USA,,,New York,NY,Grand Island,,,,14072,,,(716) 773-2239,,Plumbers,,,,10/21/2013,active,bronze,Plumbers,,,,,
,,,,Roys Plumbing,3780 N Buffalo St,,United States,New York,Orchard Park,14127,(716) 662-4829,,,,,,Roys Plumbing,,,3780 N Buffalo St,,United States,USA,,,New York,NY,Orchard Park,,,,14127,,,(716) 662-4829,,Plumbers,,,,10/21/2013,active,bronze,Plumbers,,,,,
,,,,Benzinger Plumbing  Heating,4238 S Taylor Rd,,United States,New York,Orchard Park,14127,(716) 667-9273,,,,,,Benzinger Plumbing  Heating,,,4238 S Taylor Rd,,United States,USA,,,New York,NY,Orchard Park,,,,14127,,,(716) 667-9273,,Plumbers,,,,10/21/2013,active,bronze,Plumbers,,,,,
,,,,Pcs Plumbing  Heating Inc,35 Heritage Dr,,United States,New York,Lancaster,14086,(716) 685-0710,,,,,,Pcs Plumbing  Heating Inc,,,35 Heritage Dr,,United States,USA,,,New York,NY,Lancaster,,,,14086,,,(716) 685-0710,,Plumbers,,,,10/21/2013,active,bronze,Plumbers,,,,,
,,,,MCD Plumbing,3859 N Buffalo St,,United States,New York,Orchard Park,14127,(716) 667-6909,,,,,,MCD Plumbing,,,3859 N Buffalo St,,United States,USA,,,New York,NY,Orchard Park,,,,14127,,,(716) 667-6909,,Plumbers,,,,10/21/2013,active,bronze,Plumbers,,,,,
,,,,M Purtill Plumbing,3959 N Buffalo St,,United States,New York,Orchard Park,14127,(716) 662-1678,,,,,,M Purtill Plumbing,,,3959 N Buffalo St,,United States,USA,,,New York,NY,Orchard Park,,,,14127,,,(716) 662-1678,,Plumbers,,,,10/21/2013,active,bronze,Plumbers,,,,,
,,,,James Lo Bue Plumbing Inc,7 Deerpath Dr,,United States,New York,Lancaster,14086,(716) 685-2254,,,,,,James Lo Bue Plumbing Inc,,,7 Deerpath Dr,,United States,USA,,,New York,NY,Lancaster,,,,14086,,,(716) 685-2254,,Plumbers,,,,10/21/2013,active,bronze,Plumbers,,,,,
,,,,Schmigel Jr Joseph V,19 Spruceland Ter,,United States,New York,Lancaster,14086,(716) 684-8848,,,,,,Schmigel Jr Joseph V,,,19 Spruceland Ter,,United States,USA,,,New York,NY,Lancaster,,,,14086,,,(716) 684-8848,,Plumbers,,,,10/21/2013,active,bronze,Plumbers,,,,,
,,,,Great Lakes Plumbing,PO Box 283,,United States,New York,Grand Island,14072,(716) 773-1313,,,,,,Great Lakes Plumbing,,,PO Box 283,,United States,USA,,,New York,NY,Grand Island,,,,14072,,,(716) 773-1313,,Plumbers,,,,10/21/2013,active,bronze,Plumbers,,,,,
,,,,Borucki Robert Plmbr,71 Boll Dr,,United States,New York,Elma,14059,(716) 675-1240,,,,,,Borucki Robert Plmbr,,,71 Boll Dr,,United States,USA,,,New York,NY,Elma,,,,14059,,,(716) 675-1240,,Plumbers,,,,10/21/2013,active,bronze,Plumbers,,,,,
,,,,Suburban Plumbing,71 Boll Dr,,United States,New York,Elma,14059,(716) 675-1240,,,,,,Suburban Plumbing,,,71 Boll Dr,,United States,USA,,,New York,NY,Elma,,,,14059,,,(716) 675-1240,,Plumbers,,,,10/21/2013,active,bronze,Plumbers,,,,,
,,,,Benjamin Franklin Plumbing,5700 Maelou Dr,,United States,New York,Hamburg,14075,(866) 847-0034,,,,,,Benjamin Franklin Plumbing,,,5700 Maelou Dr,,United States,USA,,,New York,NY,Hamburg,,,,14075,,,(866) 847-0034,,Plumbers,,,,10/21/2013,active,bronze,Plumbers,,,,,
,,,,Fedesons Commercial Htg,6431 Seneca St,,United States,New York,Elma,14059,(716) 655-1996,,,,,,Fedesons Commercial Htg,,,6431 Seneca St,,United States,USA,,,New York,NY,Elma,,,,14059,,,(716) 655-1996,,Plumbers,,,,10/21/2013,active,bronze,Plumbers,,,,,
,,,,Jm Refrigeration Htg  AC,2680 Grand Island Blvd # 3,,United States,New York,Grand Island,14072,(716) 773-2252,,,,,,Jm Refrigeration Htg  AC,,,2680 Grand Island Blvd # 3,,United States,USA,,,New York,NY,Grand Island,,,,14072,,,(716) 773-2252,,Plumbers,,,,10/21/2013,active,bronze,Plumbers,,,,,
,,,,Roto-Rooter Plumbing  Drain,757 Kirkwood Dr,,United States,New York,Grand Island,14072,(716) 773-3717,,,,,,Roto-Rooter Plumbing  Drain,,,757 Kirkwood Dr,,United States,USA,,,New York,NY,Grand Island,,,,14072,,,(716) 773-3717,,Plumbers,,,,10/21/2013,active,bronze,Plumbers,,,,,
,,,,A G Plumbing Svc,19 Parkside Ave,,United States,New York,Hamburg,14075,(716) 648-8050,,,,,,A G Plumbing Svc,,,19 Parkside Ave,,United States,USA,,,New York,NY,Hamburg,,,,14075,,,(716) 648-8050,,Plumbers,,,,10/21/2013,active,bronze,Plumbers,,,,,
,,,,Western New York Plumbing,487 Erie St # F,,United States,New York,Lancaster,14086,(716) 685-5455,,,,,,Western New York Plumbing,,,487 Erie St # F,,United States,USA,,,New York,NY,Lancaster,,,,14086,,,(716) 685-5455,,Plumbers,,,,10/21/2013,active,bronze,Plumbers,,,,,
,,,,Superior Plumbing  Rooter Svc,170 Cemetery Rd,,United States,New York,Lancaster,14086,(716) 683-7186,,,,,,Superior Plumbing  Rooter Svc,,,170 Cemetery Rd,,United States,USA,,,New York,NY,Lancaster,,,,14086,,,(716) 683-7186,,Plumbers,,,,10/21/2013,active,bronze,Plumbers,,,,,
,,,,Liquid Air Designs,6741 Clinton St,,United States,New York,Elma,14059,(716) 684-9399,,,,,,Liquid Air Designs,,,6741 Clinton St,,United States,USA,,,New York,NY,Elma,,,,14059,,,(716) 684-9399,,Plumbers,,,,10/21/2013,active,bronze,Plumbers,,,,,
,,,,Stone Plumbing Service,2510 Bowen Rd,,United States,New York,Elma,14059,(716) 937-3262,,,,,,Stone Plumbing Service,,,2510 Bowen Rd,,United States,USA,,,New York,NY,Elma,,,,14059,,,(716) 937-3262,,Plumbers,,,,10/21/2013,active,bronze,Plumbers,,,,,
,,,,Cronk Ted Plumbing,190 Peppermint Rd,,United States,New York,Lancaster,14086,(716) 683-8856,,,,,,Cronk Ted Plumbing,,,190 Peppermint Rd,,United States,USA,,,New York,NY,Lancaster,,,,14086,,,(716) 683-8856,,Plumbers,,,,10/21/2013,active,bronze,Plumbers,,,,,
,,,,Numarco Inc,1021 Maple Rd,,United States,New York,Elma,14059,(716) 652-9190,,,,,,Numarco Inc,,,1021 Maple Rd,,United States,USA,,,New York,NY,Elma,,,,14059,,,(716) 652-9190,,Plumbers,,,,10/21/2013,active,bronze,Plumbers,,,,,
,,,,East Amherst Plumbing Inc,8734 Stahley Rd,,United States,New York,East Amherst,14051,(716) 741-2759,,,,,,East Amherst Plumbing Inc,,,8734 Stahley Rd,,United States,USA,,,New York,NY,East Amherst,,,,14051,,,(716) 741-2759,,Plumbers,,,,10/21/2013,active,bronze,Plumbers,,,,,
,,,,Visone Plumbing,10151 Main St,,United States,New York,Clarence,14031,(716) 759-1715,,,,,,Visone Plumbing,,,10151 Main St,,United States,USA,,,New York,NY,Clarence,,,,14031,,,(716) 759-1715,,Plumbers,,,,10/21/2013,active,bronze,Plumbers,,,,,
,,,,Warren Herdic Plumbing,5769 Herman Hill Rd,,United States,New York,Hamburg,14075,(716) 202-4680,,,,,,Warren Herdic Plumbing,,,5769 Herman Hill Rd,,United States,USA,,,New York,NY,Hamburg,,,,14075,,,(716) 202-4680,,Plumbers,,,,10/21/2013,active,bronze,Plumbers,,,,,
,,,,Elmer A Kobel  Son,3161 Town Line Rd,,United States,New York,Lancaster,14086,(716) 681-6857,,,,,,Elmer A Kobel  Son,,,3161 Town Line Rd,,United States,USA,,,New York,NY,Lancaster,,,,14086,,,(716) 681-6857,,Plumbers,,,,10/21/2013,active,bronze,Plumbers,,,,,
,,,,FPN Co,38 Elm St,,United States,New York,East Aurora,14052,(716) 652-8440,,,,,,FPN Co,,,38 Elm St,,United States,USA,,,New York,NY,East Aurora,,,,14052,,,(716) 652-8440,,Plumbers,,,,10/21/2013,active,bronze,Plumbers,,,,,
,,,,Dodge Enterprises,136 Elm St,,United States,New York,East Aurora,14052,(716) 652-4910,,,,,,Dodge Enterprises,,,136 Elm St,,United States,USA,,,New York,NY,East Aurora,,,,14052,,,(716) 652-4910,,Plumbers,,,,10/21/2013,active,bronze,Plumbers,,,,,
,,,,Trouble Plumbing Heating  Air,5781 Davison Rd,,United States,New York,Akron,14001,(716) 759-2621,,,,,,Trouble Plumbing Heating  Air,,,5781 Davison Rd,,United States,USA,,,New York,NY,Akron,,,,14001,,,(716) 759-2621,,Plumbers,,,,10/21/2013,active,bronze,Plumbers,,,,,
,,,,T Mark Plumbing,,,United States,New York,Tonawanda,14150,(716) 864-7277,,,,,,T Mark Plumbing,,,,,United States,USA,,,New York,NY,Tonawanda,,,,14150,,,(716) 864-7277,,Plumbers,,,,10/21/2013,active,bronze,Plumbers,,,,,
,,,,Back Up Sewer Svc,PO Box 414,,United States,New York,Clarence,14031,(716) 689-6886,,,,,,Back Up Sewer Svc,,,PO Box 414,,United States,USA,,,New York,NY,Clarence,,,,14031,,,(716) 689-6886,,Plumbers,,,,10/21/2013,active,bronze,Plumbers,,,,,
,,,,Superior Plumbing  Rooter Service,,,United States,New York,Clarence,14031,(716) 688-4450,,,,,,Superior Plumbing  Rooter Service,,,,,United States,USA,,,New York,NY,Clarence,,,,14031,,,(716) 688-4450,,Plumbers,,,,10/21/2013,active,bronze,Plumbers,,,,,
,,,,Roto Rooter Plumbing  Drain Services,,,United States,New York,Lancaster,14086,(716) 683-4024,,,,,,Roto Rooter Plumbing  Drain Services,,,,,United States,USA,,,New York,NY,Lancaster,,,,14086,,,(716) 683-4024,,Plumbers,,,,10/21/2013,active,bronze,Plumbers,,,,,
,,,,Villages of Mission Hills,,,United States,New York,Hamburg,14075,(716) 649-5940,,,,,,Villages of Mission Hills,,,,,United States,USA,,,New York,NY,Hamburg,,,,14075,,,(716) 649-5940,,Plumbers,,,,10/21/2013,active,bronze,Plumbers,,,,,
,,,,T Mark Plumbing,,,United States,New York,West Seneca,14218,(716) 675-3419,,,,,,T Mark Plumbing,,,,,United States,USA,,,New York,NY,West Seneca,,,,14218,,,(716) 675-3419,,Plumbers,,,,10/21/2013,active,bronze,Plumbers,,,,,
,,,,T-Mark Plumbing,,,United States,New York,Lackawanna,14218,(716) 822-9749,,,,,,T-Mark Plumbing,,,,,United States,USA,,,New York,NY,Lackawanna,,,,14218,,,(716) 822-9749,,Plumbers,,,,10/21/2013,active,bronze,Plumbers,,,,,
,,,,Specialty Plumbing,,,United States,New York,Hamburg,14075,(716) 818-6589,,,,,,Specialty Plumbing,,,,,United States,USA,,,New York,NY,Hamburg,,,,14075,,,(716) 818-6589,,Plumbers,,,,10/21/2013,active,bronze,Plumbers,,,,,
,,,,Gtf Plumbing,,,United States,New York,East Aurora,14052,(716) 652-0707,,,,,,Gtf Plumbing,,,,,United States,USA,,,New York,NY,East Aurora,,,,14052,,,(716) 652-0707,,Plumbers,,,,10/21/2013,active,bronze,Plumbers,,,,,
,,,,Roto -Rooter Plumbing Service,,,United States,New York,,,(860) 223-3350,,,,,,Roto -Rooter Plumbing Service,,,,,United States,USA,,,New York,,,,,,,,,(860) 223-3350,,Plumbers,,,,10/21/2013,active,bronze,Plumbers,,,,,
,,,,Bird Plumbing  Heating Svc,201 Lasalle Ave,,United States,New York,Kenmore,14217,(716) 873-0645,,,,,,Bird Plumbing  Heating Svc,,,201 Lasalle Ave,,United States,USA,,,New York,NY,Kenmore,,,,14217,,,(716) 873-0645,,Plumbers,,,,10/21/2013,active,bronze,Plumbers,,,,,
,,,,Lake Side Contracting Co Inc,3198 Union Rd,,United States,New York,Cheektowaga,14227,(716) 681-6260,,,,,,Lake Side Contracting Co Inc,,,3198 Union Rd,,United States,USA,,,New York,NY,Cheektowaga,,,,14227,,,(716) 681-6260,,Plumbers,,,,10/21/2013,active,bronze,Plumbers,,,,,
,,,,Kandefer Plumbing  Heating,2247 Union Rd,,United States,New York,West Seneca,14224,(716) 668-4677,,,,,,Kandefer Plumbing  Heating,,,2247 Union Rd,,United States,USA,,,New York,NY,West Seneca,,,,14224,,,(716) 668-4677,,Plumbers,,,,10/21/2013,active,bronze,Plumbers,,,,,
,,,,A Strock Paving  Constr Inc,2095 Union Rd,,United States,New York,West Seneca,14224,(716) 684-8690,,,,,,A Strock Paving  Constr Inc,,,2095 Union Rd,,United States,USA,,,New York,NY,West Seneca,,,,14224,,,(716) 684-8690,,Plumbers,,,,10/21/2013,active,bronze,Plumbers,,,,,
,,,,Parise Mechanical,1106 Sheridan Dr,,United States,New York,Tonawanda,14150,(716) 694-4900,,,,,,Parise Mechanical,,,1106 Sheridan Dr,,United States,USA,,,New York,NY,Tonawanda,,,,14150,,,(716) 694-4900,,Plumbers,,,,10/21/2013,active,bronze,Plumbers,,,,,
,,,,NOCO Energy Corp,2440 Sheridan Dr,,United States,New York,Tonawanda,14150,(716) 833-6626,,,,,,NOCO Energy Corp,,,2440 Sheridan Dr,,United States,USA,,,New York,NY,Tonawanda,,,,14150,,,(716) 833-6626,,Plumbers,,,,10/21/2013,active,bronze,Plumbers,,,,,
,,,,Groth  Schlum Ltd,303 Main St,,United States,New York,West Seneca,14224,(716) 677-4405,,,,,,Groth  Schlum Ltd,,,303 Main St,,United States,USA,,,New York,NY,West Seneca,,,,14224,,,(716) 677-4405,,Plumbers,,,,10/21/2013,active,bronze,Plumbers,,,,,
,,,,Man Otrees,1500 Union Rd,,United States,New York,West Seneca,14224,(716) 675-2360,,,,,,Man Otrees,,,1500 Union Rd,,United States,USA,,,New York,NY,West Seneca,,,,14224,,,(716) 675-2360,,Plumbers,,,,10/21/2013,active,bronze,Plumbers,,,,,
,,,,Delsan Construction Co,100 Ensminger Rd,,United States,New York,Tonawanda,14150,(716) 874-1030,,,,,,Delsan Construction Co,,,100 Ensminger Rd,,United States,USA,,,New York,NY,Tonawanda,,,,14150,,,(716) 874-1030,,Plumbers,,,,10/21/2013,active,bronze,Plumbers,,,,,
,,,,Owczarczak Enterprises Inc,1045 Union Rd,,United States,New York,West Seneca,14224,(716) 674-4288,,,,,,Owczarczak Enterprises Inc,,,1045 Union Rd,,United States,USA,,,New York,NY,West Seneca,,,,14224,,,(716) 674-4288,,Plumbers,,,,10/21/2013,active,bronze,Plumbers,,,,,
,,,,All General Builders Inc,1931 Colvin Blvd,,United States,New York,Tonawanda,14150,(716) 873-7866,,,,,,All General Builders Inc,,,1931 Colvin Blvd,,United States,USA,,,New York,NY,Tonawanda,,,,14150,,,(716) 873-7866,,Plumbers,,,,10/21/2013,active,bronze,Plumbers,,,,,
,,,,Mr Plummer,90 Pearce Ave,,United States,New York,Tonawanda,14150,(716) 634-6564,,,,,,Mr Plummer,,,90 Pearce Ave,,United States,USA,,,New York,NY,Tonawanda,,,,14150,,,(716) 634-6564,,Plumbers,,,,10/21/2013,active,bronze,Plumbers,,,,,
,,,,Graystone Construction of Wny,950 Union Rd,,United States,New York,West Seneca,14224,(716) 675-9252,,,,,,Graystone Construction of Wny,,,950 Union Rd,,United States,USA,,,New York,NY,West Seneca,,,,14224,,,(716) 675-9252,,Plumbers,,,,10/21/2013,active,bronze,Plumbers,,,,,
,,,,John W Danforth Co,300 Colvin Woods Pkwy,,United States,New York,Tonawanda,14150,(716) 832-1940,,,,,,John W Danforth Co,,,300 Colvin Woods Pkwy,,United States,USA,,,New York,NY,Tonawanda,,,,14150,,,(716) 832-1940,,Plumbers,,,,10/21/2013,active,bronze,Plumbers,,,,,
,,,,Capital Heat Inc,2975 Walden Ave,,United States,New York,Depew,14043,(716) 683-7336,,,,,,Capital Heat Inc,,,2975 Walden Ave,,United States,USA,,,New York,NY,Depew,,,,14043,,,(716) 683-7336,,Plumbers,,,,10/21/2013,active,bronze,Plumbers,,,,,
,,,,Cortese Brothers Inc.,2300 George Urban Blvd,,United States,New York,Depew,14043,(716) 683-2100,,,,,,Cortese Brothers Inc.,,,2300 George Urban Blvd,,United States,USA,,,New York,NY,Depew,,,,14043,,,(716) 683-2100,,Plumbers,,,,10/21/2013,active,bronze,Plumbers,,,,,
,,,,Boxhorn's,136 Taylor Dr,,United States,New York,Depew,14043,(716) 684-8444,,,,,,Boxhorn's,,,136 Taylor Dr,,United States,USA,,,New York,NY,Depew,,,,14043,,,(716) 684-8444,,Plumbers,,,,10/21/2013,active,bronze,Plumbers,,,,,
,,,,Campanellas Top Notch Constr,248 Woodgate Rd,,United States,New York,Tonawanda,14150,(716) 877-6925,,,,,,Campanellas Top Notch Constr,,,248 Woodgate Rd,,United States,USA,,,New York,NY,Tonawanda,,,,14150,,,(716) 877-6925,,Plumbers,,,,10/21/2013,active,bronze,Plumbers,,,,,
,,,,La Hazard  Sons Inc,3689 California Rd,,United States,New York,Orchard Park,14127,(716) 662-4906,,,,,,La Hazard  Sons Inc,,,3689 California Rd,,United States,USA,,,New York,NY,Orchard Park,,,,14127,,,(716) 662-4906,,Plumbers,,,,10/21/2013,active,bronze,Plumbers,,,,,
,,,,Young Brothers Builders Inc,535 Delaware St # 1,,United States,New York,Tonawanda,14150,(716) 692-7690,,,,,,Young Brothers Builders Inc,,,535 Delaware St # 1,,United States,USA,,,New York,NY,Tonawanda,,,,14150,,,(716) 692-7690,,Plumbers,,,,10/21/2013,active,bronze,Plumbers,,,,,
,,,,Armor Heating CO Inc,3697 Abbott Rd,,United States,New York,Orchard Park,14127,(716) 824-4209,,,,,,Armor Heating CO Inc,,,3697 Abbott Rd,,United States,USA,,,New York,NY,Orchard Park,,,,14127,,,(716) 824-4209,,Plumbers,,,,10/21/2013,active,bronze,Plumbers,,,,,
,,,,Ua Plumbers  Steam Fitters,3651 California Rd # 1,,United States,New York,Orchard Park,14127,(716) 662-3952,,,,,,Ua Plumbers  Steam Fitters,,,3651 California Rd # 1,,United States,USA,,,New York,NY,Orchard Park,,,,14127,,,(716) 662-3952,,Plumbers,,,,10/21/2013,active,bronze,Plumbers,,,,,
,,,,A Grim Plumber Inc,314 Grove St,,United States,New York,Tonawanda,14150,(716) 692-5899,,,,,,A Grim Plumber Inc,,,314 Grove St,,United States,USA,,,New York,NY,Tonawanda,,,,14150,,,(716) 692-5899,,Plumbers,,,,10/21/2013,active,bronze,Plumbers,,,,,
,,,,Galante Construction,5 Brookedge Ct,,United States,New York,Williamsville,14221,(716) 634-3775,,,,,,Galante Construction,,,5 Brookedge Ct,,United States,USA,,,New York,NY,Williamsville,,,,14221,,,(716) 634-3775,,Plumbers,,,,10/21/2013,active,bronze,Plumbers,,,,,
,,,,E F Burke Realty Co,6455 Lake Ave,,United States,New York,Orchard Park,14127,(716) 675-3000,,,,,,E F Burke Realty Co,,,6455 Lake Ave,,United States,USA,,,New York,NY,Orchard Park,,,,14127,,,(716) 675-3000,,Plumbers,,,,10/21/2013,active,bronze,Plumbers,,,,,
,,,,Roto-Rooter Plumbing  Drain Service,3221 Southwestern Blvd #262,,United States,New York,Orchard Park,14127,(716) 773-2255,,,,,,Roto-Rooter Plumbing  Drain Service,,,3221 Southwestern Blvd #262,,United States,USA,,,New York,NY,Orchard Park,,,,14127,,,(716) 773-2255,,Plumbers,,,,10/21/2013,active,bronze,Plumbers,,,,,
,,,,Thomas Dale Plumbing  Sewer Clng Svce,628 Ellicott Creek Rd,,United States,New York,Tonawanda,14150,(716) 695-4952,,,,,,Thomas Dale Plumbing  Sewer Clng Svce,,,628 Ellicott Creek Rd,,United States,USA,,,New York,NY,Tonawanda,,,,14150,,,(716) 695-4952,,Plumbers,,,,10/21/2013,active,bronze,Plumbers,,,,,
,,,,Carroll's Plumbing  Heating,3085 Southwestern Blvd,,United States,New York,Orchard Park,14127,(716) 675-7500,,,,,,Carroll's Plumbing  Heating,,,3085 Southwestern Blvd,,United States,USA,,,New York,NY,Orchard Park,,,,14127,,,(716) 675-7500,,Plumbers,,,,10/21/2013,active,bronze,Plumbers,,,,,
,,,,Carroll's Plumbing  Heating,3075 Southwestern BLVD,,United States,New York,Orchard Park,14127,(716) 712-0959,,,,,,Carroll's Plumbing  Heating,,,3075 Southwestern BLVD,,United States,USA,,,New York,NY,Orchard Park,,,,14127,,,(716) 712-0959,,Plumbers,,,,10/21/2013,active,bronze,Plumbers,,,,,
,,,,Durso Heating Inc,3232 Walden Ave,,United States,New York,Depew,14043,(716) 683-6369,,,,,,Durso Heating Inc,,,3232 Walden Ave,,United States,USA,,,New York,NY,Depew,,,,14043,,,(716) 683-6369,,Plumbers,,,,10/21/2013,active,bronze,Plumbers,,,,,
,,,,Carroll's Plumbing  Heating,3065 Southwestern BLVD,,United States,New York,Orchard Park,14127,(716) 712-0958,,,,,,Carroll's Plumbing  Heating,,,3065 Southwestern BLVD,,United States,USA,,,New York,NY,Orchard Park,,,,14127,,,(716) 712-0958,,Plumbers,,,,10/21/2013,active,bronze,Plumbers,,,,,
,,,,Diamond 'd' Construction Corp,5270 Transit Rd,,United States,New York,Depew,14043,(716) 684-7799,,,,,,Diamond 'd' Construction Corp,,,5270 Transit Rd,,United States,USA,,,New York,NY,Depew,,,,14043,,,(716) 684-7799,,Plumbers,,,,10/21/2013,active,bronze,Plumbers,,,,,
,,,,Parise Mechanical,233 Fillmore Ave,,United States,New York,Tonawanda,14150,(716) 694-7106,,,,,,Parise Mechanical,,,233 Fillmore Ave,,United States,USA,,,New York,NY,Tonawanda,,,,14150,,,(716) 694-7106,,Plumbers,,,,10/21/2013,active,bronze,Plumbers,,,,,
,,,,Landmark Construction Co,203 Fillmore Ave,,United States,New York,Tonawanda,14150,(716) 694-4204,,,,,,Landmark Construction Co,,,203 Fillmore Ave,,United States,USA,,,New York,NY,Tonawanda,,,,14150,,,(716) 694-4204,,Plumbers,,,,10/21/2013,active,bronze,Plumbers,,,,,
,,,,Mt Vernon Sewer District,4906 Rogers Rd,,United States,New York,Hamburg,14075,(716) 649-6867,,,,,,Mt Vernon Sewer District,,,4906 Rogers Rd,,United States,USA,,,New York,NY,Hamburg,,,,14075,,,(716) 649-6867,,Plumbers,,,,10/21/2013,active,bronze,Plumbers,,,,,
,,,,Creekside Constr,80 Patsy Ln,,United States,New York,Depew,14043,(716) 805-0051,,,,,,Creekside Constr,,,80 Patsy Ln,,United States,USA,,,New York,NY,Depew,,,,14043,,,(716) 805-0051,,Plumbers,,,,10/21/2013,active,bronze,Plumbers,,,,,
,,,,Mar-Wal Construction Co Inc,390 Gould Ave,,United States,New York,Depew,14043,(716) 681-8396,,,,,,Mar-Wal Construction Co Inc,,,390 Gould Ave,,United States,USA,,,New York,NY,Depew,,,,14043,,,(716) 681-8396,,Plumbers,,,,10/21/2013,active,bronze,Plumbers,,,,,
,,,,On Line Plumbing  Heating Inc,3740 Dogwood Ln,,United States,New York,Hamburg,14075,(716) 649-4462,,,,,,On Line Plumbing  Heating Inc,,,3740 Dogwood Ln,,United States,USA,,,New York,NY,Hamburg,,,,14075,,,(716) 649-4462,,Plumbers,,,,10/21/2013,active,bronze,Plumbers,,,,,
,,,,Artistic Plumbing  Heating,39 Rumford St,,United States,New York,Depew,14043,(716) 681-0676,,,,,,Artistic Plumbing  Heating,,,39 Rumford St,,United States,USA,,,New York,NY,Depew,,,,14043,,,(716) 681-0676,,Plumbers,,,,10/21/2013,active,bronze,Plumbers,,,,,
,,,,Huron Plumbing  Heating Inc,61 Fillmore Ave,,United States,New York,Tonawanda,14150,(716) 692-3950,,,,,,Huron Plumbing  Heating Inc,,,61 Fillmore Ave,,United States,USA,,,New York,NY,Tonawanda,,,,14150,,,(716) 692-3950,,Plumbers,,,,10/21/2013,active,bronze,Plumbers,,,,,
,,,,Rodems Construction Co Inc,3555 N Buffalo St,,United States,New York,Orchard Park,14127,(716) 662-6990,,,,,,Rodems Construction Co Inc,,,3555 N Buffalo St,,United States,USA,,,New York,NY,Orchard Park,,,,14127,,,(716) 662-6990,,Plumbers,,,,10/21/2013,active,bronze,Plumbers,,,,,
,,,,Dan Marzec Plumbing  Heating,5029 Broadway,,United States,New York,Depew,14043,(716) 681-0242,,,,,,Dan Marzec Plumbing  Heating,,,5029 Broadway,,United States,USA,,,New York,NY,Depew,,,,14043,,,(716) 681-0242,,Plumbers,,,,10/21/2013,active,bronze,Plumbers,,,,,
,,,,Keiffer Plumbing Htg Cooling,4945 Southwestern BLVD,,United States,New York,Hamburg,14075,(716) 649-3866,,,,,,Keiffer Plumbing Htg Cooling,,,4945 Southwestern BLVD,,United States,USA,,,New York,NY,Hamburg,,,,14075,,,(716) 649-3866,,Plumbers,,,,10/21/2013,active,bronze,Plumbers,,,,,
,,,,Niagara Construction Co Inc,126 E Niagara St # 5,,United States,New York,Tonawanda,14150,(716) 693-4798,,,,,,Niagara Construction Co Inc,,,126 E Niagara St # 5,,United States,USA,,,New York,NY,Tonawanda,,,,14150,,,(716) 693-4798,,Plumbers,,,,10/21/2013,active,bronze,Plumbers,,,,,
,,,,J C Sewer Cleaning Plumbing,5199 Glendale Ave,,United States,New York,Hamburg,14075,(716) 627-2411,,,,,,J C Sewer Cleaning Plumbing,,,5199 Glendale Ave,,United States,USA,,,New York,NY,Hamburg,,,,14075,,,(716) 627-2411,,Plumbers,,,,10/21/2013,active,bronze,Plumbers,,,,,
,,,,Dan Morris  Sons Plumbing Htg,5088 Electric Ave,,United States,New York,Hamburg,14075,(716) 649-4997,,,,,,Dan Morris  Sons Plumbing Htg,,,5088 Electric Ave,,United States,USA,,,New York,NY,Hamburg,,,,14075,,,(716) 649-4997,,Plumbers,,,,10/21/2013,active,bronze,Plumbers,,,,,
,,,,Aurora Plumbing Co Inc,5800 Seneca St,,United States,New York,Elma,14059,(716) 674-5800,,,,,,Aurora Plumbing Co Inc,,,5800 Seneca St,,United States,USA,,,New York,NY,Elma,,,,14059,,,(716) 674-5800,,Plumbers,,,,10/21/2013,active,bronze,Plumbers,,,,,
,,,,Filipetti Construction Inc,55215 Electric Ave,,United States,New York,Hamburg,14075,(716) 648-4505,,,,,,Filipetti Construction Inc,,,55215 Electric Ave,,United States,USA,,,New York,NY,Hamburg,,,,14075,,,(716) 648-4505,,Plumbers,,,,10/21/2013,active,bronze,Plumbers,,,,,
,,,,Roto Rooter Plumbing  Drain Services,5311 Rogers Rd Apt C,,United States,New York,Hamburg,14075,(716) 648-2044,,,,,,Roto Rooter Plumbing  Drain Services,,,5311 Rogers Rd Apt C,,United States,USA,,,New York,NY,Hamburg,,,,14075,,,(716) 648-2044,,Plumbers,,,,10/21/2013,active,bronze,Plumbers,,,,,
,,,,Lehigh Construction Group,4327 S Taylor Rd,,United States,New York,Orchard Park,14127,(716) 662-2151,,,,,,Lehigh Construction Group,,,4327 S Taylor Rd,,United States,USA,,,New York,NY,Orchard Park,,,,14127,,,(716) 662-2151,,Plumbers,,,,10/21/2013,active,bronze,Plumbers,,,,,
,,,,Skubis Brothers Construction,12 Parkside Dr,,United States,New York,Lancaster,14086,(716) 683-7232,,,,,,Skubis Brothers Construction,,,12 Parkside Dr,,United States,USA,,,New York,NY,Lancaster,,,,14086,,,(716) 683-7232,,Plumbers,,,,10/21/2013,active,bronze,Plumbers,,,,,
,,,,DLM Contracting Corp. of WNY,373 Cottonwood Drive,,United States,New York,Williamsville,14221,(716) 491-0468,,,,,,DLM Contracting Corp. of WNY,,,373 Cottonwood Drive,,United States,USA,,,New York,NY,Williamsville,,,,14221,,,(716) 491-0468,,Plumbers,,,,10/21/2013,active,bronze,Plumbers,,,,,
,,,,Mc Allister Plumbing  Htg Inc,5590 Maelou Dr,,United States,New York,Hamburg,14075,(716) 649-6377,,,,,,Mc Allister Plumbing  Htg Inc,,,5590 Maelou Dr,,United States,USA,,,New York,NY,Hamburg,,,,14075,,,(716) 649-6377,,Plumbers,,,,10/21/2013,active,bronze,Plumbers,,,,,
,,,,Holmes  Murphy Inc,75 Bank St,,United States,New York,Orchard Park,14127,(716) 662-9303,,,,,,Holmes  Murphy Inc,,,75 Bank St,,United States,USA,,,New York,NY,Orchard Park,,,,14127,,,(716) 662-9303,,Plumbers,,,,10/21/2013,active,bronze,Plumbers,,,,,
,,,,Cellino Plumbing,5642 Broadway St,,United States,New York,Lancaster,14086,(716) 683-5874,,,,,,Cellino Plumbing,,,5642 Broadway St,,United States,USA,,,New York,NY,Lancaster,,,,14086,,,(716) 683-5874,,Plumbers,,,,10/21/2013,active,bronze,Plumbers,,,,,
,,,,Performance Heating Co Inc,5428 S Abbott Rd,,United States,New York,Hamburg,14075,(716) 648-0221,,,,,,Performance Heating Co Inc,,,5428 S Abbott Rd,,United States,USA,,,New York,NY,Hamburg,,,,14075,,,(716) 648-0221,,Plumbers,,,,10/21/2013,active,bronze,Plumbers,,,,,
,,,,Duffett Plumbing  Heating Inc,5700 Maelou Dr Ste 4,,United States,New York,Hamburg,14075,(716) 648-3191,,,,,,Duffett Plumbing  Heating Inc,,,5700 Maelou Dr Ste 4,,United States,USA,,,New York,NY,Hamburg,,,,14075,,,(716) 648-3191,,Plumbers,,,,10/21/2013,active,bronze,Plumbers,,,,,
,,,,Quality Filtration,974 Dodge Rd,,United States,New York,Getzville,14068,(716) 688-1680,,,,,,Quality Filtration,,,974 Dodge Rd,,United States,USA,,,New York,NY,Getzville,,,,14068,,,(716) 688-1680,,Plumbers,,,,10/21/2013,active,bronze,Plumbers,,,,,
,,,,Picone Construction Corp,8680 Main St,,United States,New York,Williamsville,14221,(716) 634-9994,,,,,,Picone Construction Corp,,,8680 Main St,,United States,USA,,,New York,NY,Williamsville,,,,14221,,,(716) 634-9994,,Plumbers,,,,10/21/2013,active,bronze,Plumbers,,,,,
,,,,Janik Paving Construction Inc,97 Evans St,,United States,New York,Hamburg,14075,(716) 649-9212,,,,,,Janik Paving Construction Inc,,,97 Evans St,,United States,USA,,,New York,NY,Hamburg,,,,14075,,,(716) 649-9212,,Plumbers,,,,10/21/2013,active,bronze,Plumbers,,,,,
,,,,Mattulke Plumbing  Heating,3212 S Creek Rd,,United States,New York,Hamburg,14075,(716) 649-2996,,,,,,Mattulke Plumbing  Heating,,,3212 S Creek Rd,,United States,USA,,,New York,NY,Hamburg,,,,14075,,,(716) 649-2996,,Plumbers,,,,10/21/2013,active,bronze,Plumbers,,,,,
,,,,Julius Blum Builders,8570 Roll Rd,,United States,New York,Clarence Center,14032,(716) 741-9970,,,,,,Julius Blum Builders,,,8570 Roll Rd,,United States,USA,,,New York,NY,Clarence Center,,,,14032,,,(716) 741-9970,,Plumbers,,,,10/21/2013,active,bronze,Plumbers,,,,,
,,,,Mandon Building Systems Inc,84 Gunnville Rd,,United States,New York,Lancaster,14086,(716) 759-8106,,,,,,Mandon Building Systems Inc,,,84 Gunnville Rd,,United States,USA,,,New York,NY,Lancaster,,,,14086,,,(716) 759-8106,,Plumbers,,,,10/21/2013,active,bronze,Plumbers,,,,,
,,,,Allgaier Construction Corp,4790 Thompson Rd,,United States,New York,Clarence,14031,(716) 633-7350,,,,,,Allgaier Construction Corp,,,4790 Thompson Rd,,United States,USA,,,New York,NY,Clarence,,,,14031,,,(716) 633-7350,,Plumbers,,,,10/21/2013,active,bronze,Plumbers,,,,,
,,,,Harrington Plumbing  Heating,6783 E Eden Rd,,United States,New York,Hamburg,14075,(716) 649-8292,,,,,,Harrington Plumbing  Heating,,,6783 E Eden Rd,,United States,USA,,,New York,NY,Hamburg,,,,14075,,,(716) 649-8292,,Plumbers,,,,10/21/2013,active,bronze,Plumbers,,,,,
,,,,Commercial Service Constr,7 Fiddlers Grn,,United States,New York,East Amherst,14051,(716) 688-7447,,,,,,Commercial Service Constr,,,7 Fiddlers Grn,,United States,USA,,,New York,NY,East Amherst,,,,14051,,,(716) 688-7447,,Plumbers,,,,10/21/2013,active,bronze,Plumbers,,,,,
,,,,Macoff Electric LTD,2445 Dodge Rd,,United States,New York,East Amherst,14051,(716) 634-9640,,,,,,Macoff Electric LTD,,,2445 Dodge Rd,,United States,USA,,,New York,NY,East Amherst,,,,14051,,,(716) 634-9640,,Plumbers,,,,10/21/2013,active,bronze,Plumbers,,,,,
,,,,Macken Services,22 Simme Rd,,United States,New York,Lancaster,14086,(716) 683-0704,,,,,,Macken Services,,,22 Simme Rd,,United States,USA,,,New York,NY,Lancaster,,,,14086,,,(716) 683-0704,,Plumbers,,,,10/21/2013,active,bronze,Plumbers,,,,,
,,,,Thompson Heating,6298 Boston Ridge Rd,,United States,New York,Orchard Park,14127,(716) 646-0320,,,,,,Thompson Heating,,,6298 Boston Ridge Rd,,United States,USA,,,New York,NY,Orchard Park,,,,14127,,,(716) 646-0320,,Plumbers,,,,10/21/2013,active,bronze,Plumbers,,,,,
,,,,Peterson Plumbing  Heating,7209 Heinrich Rd,,United States,New York,Hamburg,14075,(716) 648-3660,,,,,,Peterson Plumbing  Heating,,,7209 Heinrich Rd,,United States,USA,,,New York,NY,Hamburg,,,,14075,,,(716) 648-3660,,Plumbers,,,,10/21/2013,active,bronze,Plumbers,,,,,
,,,,Diversity Construction Svc,969 Luther Rd,,United States,New York,East Aurora,14052,(716) 687-1110,,,,,,Diversity Construction Svc,,,969 Luther Rd,,United States,USA,,,New York,NY,East Aurora,,,,14052,,,(716) 687-1110,,Plumbers,,,,10/21/2013,active,bronze,Plumbers,,,,,
,,,,Aaron Bender Plumbing  Htg,277 S Grove St,,United States,New York,East Aurora,14052,(716) 652-2124,,,,,,Aaron Bender Plumbing  Htg,,,277 S Grove St,,United States,USA,,,New York,NY,East Aurora,,,,14052,,,(716) 652-2124,,Plumbers,,,,10/21/2013,active,bronze,Plumbers,,,,,
,,,,G  W Plumbing  Heating Inc,5750 Cloverfield Dr,,United States,New York,Hamburg,14075,(716) 648-7088,,,,,,G  W Plumbing  Heating Inc,,,5750 Cloverfield Dr,,United States,USA,,,New York,NY,Hamburg,,,,14075,,,(716) 648-7088,,Plumbers,,,,10/21/2013,active,bronze,Plumbers,,,,,
,,,,WATERCURE USA,4710 Schurr Rd,,United States,New York,Clarence,14031,(716) 912-9939,,,,,,WATERCURE USA,,,4710 Schurr Rd,,United States,USA,,,New York,NY,Clarence,,,,14031,,,(716) 912-9939,,Plumbers,,,,10/21/2013,active,bronze,Plumbers,,,,,
,,,,Superior Plumbing,,,United States,New York,Hamburg,14075,(716) 649-0590,,,,,,Superior Plumbing,,,,,United States,USA,,,New York,NY,Hamburg,,,,14075,,,(716) 649-0590,,Plumbers,,,,10/21/2013,active,bronze,Plumbers,,,,,
,,,,New Horizon Plbg  Constr Co,PO Box 822,,United States,New York,Tonawanda,14151,(716) 695-3252,,,,,,New Horizon Plbg  Constr Co,,,PO Box 822,,United States,USA,,,New York,NY,Tonawanda,,,,14151,,,(716) 695-3252,,Plumbers,,,,10/21/2013,active,bronze,Plumbers,,,,,
,,,,Total Care Connection Inc,,,United States,New York,Springville,14141,(716) 592-0351,,,,,,Total Care Connection Inc,,,,,United States,USA,,,New York,NY,Springville,,,,14141,,,(716) 592-0351,,Plumbers,,,,10/21/2013,active,bronze,Plumbers,,,,,
,,,,Kirst Construction Inc,,,United States,New York,Hamburg,14075,(716) 649-0906,,,,,,Kirst Construction Inc,,,,,United States,USA,,,New York,NY,Hamburg,,,,14075,,,(716) 649-0906,,Plumbers,,,,10/21/2013,active,bronze,Plumbers,,,,,
,,,,Doctor Backflow Plumbing,,,United States,New York,,,(716) 826-3106,,,,,,Doctor Backflow Plumbing,,,,,United States,USA,,,New York,,,,,,,,,(716) 826-3106,,Plumbers,,,,10/21/2013,active,bronze,Plumbers,,,,,
,,,,Centofanti Construction,6053 Devlin Ave,,United States,New York,Niagara Falls,14304,(716) 243-2935,,,,,,Centofanti Construction,,,6053 Devlin Ave,,United States,USA,,,New York,NY,Niagara Falls,,,,14304,,,(716) 243-2935,,Plumbers,,,,10/21/2013,active,bronze,Plumbers,,,,,
,,,,Mr Rooter Plumbing,195 Dewey Ave,,United States,New York,Newark,14513,(315) 331-8041,,,,,,Mr Rooter Plumbing,,,195 Dewey Ave,,United States,USA,,,New York,NY,Newark,,,,14513,,,(315) 331-8041,,Plumbers,,,,10/21/2013,active,bronze,Plumbers,,,,,
,,,,Marty Hall Plumbing  Heating Inc.,308 Niagara St,,United States,New York,North Tonawanda,14120,(716) 692-5323,,,,,,Marty Hall Plumbing  Heating Inc.,,,308 Niagara St,,United States,USA,,,New York,NY,North Tonawanda,,,,14120,,,(716) 692-5323,,Plumbers,,,,10/21/2013,active,bronze,Plumbers,,,,,
,,,,Dave Martin Plumbing,221 Jackson Ave,,United States,New York,North Tonawanda,14120,(716) 692-1725,,,,,,Dave Martin Plumbing,,,221 Jackson Ave,,United States,USA,,,New York,NY,North Tonawanda,,,,14120,,,(716) 692-1725,,Plumbers,,,,10/21/2013,active,bronze,Plumbers,,,,,
,,,,B P Plumbing,1395 Master St,,United States,New York,North Tonawanda,14120,(716) 695-1479,,,,,,B P Plumbing,,,1395 Master St,,United States,USA,,,New York,NY,North Tonawanda,,,,14120,,,(716) 695-1479,,Plumbers,,,,10/21/2013,active,bronze,Plumbers,,,,,
,,,,Ken's Plumbing Svc,7200 Balla Dr,,United States,New York,North Tonawanda,14120,(716) 693-7245,,,,,,Ken's Plumbing Svc,,,7200 Balla Dr,,United States,USA,,,New York,NY,North Tonawanda,,,,14120,,,(716) 693-7245,,Plumbers,,,,10/21/2013,active,bronze,Plumbers,,,,,
,,,,Roto-Rooter Plumbing  Drain,7341 Bear Ridge Rd,,United States,New York,North Tonawanda,14120,(716) 692-4512,,,,,,Roto-Rooter Plumbing  Drain,,,7341 Bear Ridge Rd,,United States,USA,,,New York,NY,North Tonawanda,,,,14120,,,(716) 692-4512,,Plumbers,,,,10/21/2013,active,bronze,Plumbers,,,,,
,,,,CKO Plumbing Svc,3350 Summerset Ct,,United States,New York,North Tonawanda,14120,(716) 912-6585,,,,,,CKO Plumbing Svc,,,3350 Summerset Ct,,United States,USA,,,New York,NY,North Tonawanda,,,,14120,,,(716) 912-6585,,Plumbers,,,,10/21/2013,active,bronze,Plumbers,,,,,
,,,,Plumbing,135 76th St,,United States,New York,Niagara Falls,14304,(716) 236-0220,,,,,,Plumbing,,,135 76th St,,United States,USA,,,New York,NY,Niagara Falls,,,,14304,,,(716) 236-0220,,Plumbers,,,,10/21/2013,active,bronze,Plumbers,,,,,
,,,,RIC Plumbing Inc,4119 Beach Ridge Rd,,United States,New York,North Tonawanda,14120,(716) 695-3432,,,,,,RIC Plumbing Inc,,,4119 Beach Ridge Rd,,United States,USA,,,New York,NY,North Tonawanda,,,,14120,,,(716) 695-3432,,Plumbers,,,,10/21/2013,active,bronze,Plumbers,,,,,
,,,,Quality Plumbing Sewer Clnng,161 61st St,,United States,New York,Niagara Falls,14304,(716) 694-0519,,,,,,Quality Plumbing Sewer Clnng,,,161 61st St,,United States,USA,,,New York,NY,Niagara Falls,,,,14304,,,(716) 694-0519,,Plumbers,,,,10/21/2013,active,bronze,Plumbers,,,,,
,,,,Economy Drain Svc,2373 Old Falls Blvd,,United States,New York,Niagara Falls,14304,(716) 283-1239,,,,,,Economy Drain Svc,,,2373 Old Falls Blvd,,United States,USA,,,New York,NY,Niagara Falls,,,,14304,,,(716) 283-1239,,Plumbers,,,,10/21/2013,active,bronze,Plumbers,,,,,
,,,,Mj Carney Plumbing Svce,6665 Nash Rd,,United States,New York,North Tonawanda,14120,(716) 693-1187,,,,,,Mj Carney Plumbing Svce,,,6665 Nash Rd,,United States,USA,,,New York,NY,North Tonawanda,,,,14120,,,(716) 693-1187,,Plumbers,,,,10/21/2013,active,bronze,Plumbers,,,,,
,,,,Edwards High Vacuums,2055 Niagara Falls Blvd,,United States,New York,Niagara Falls,14304,(716) 297-0795,,,,,,Edwards High Vacuums,,,2055 Niagara Falls Blvd,,United States,USA,,,New York,NY,Niagara Falls,,,,14304,,,(716) 297-0795,,Plumbers,,,,10/21/2013,active,bronze,Plumbers,,,,,
,,,,One Way Home  Plumbing Repair,8521 Porter Rd,,United States,New York,Niagara Falls,14304,(716) 371-2011,,,,,,One Way Home  Plumbing Repair,,,8521 Porter Rd,,United States,USA,,,New York,NY,Niagara Falls,,,,14304,,,(716) 371-2011,,Plumbers,,,,10/21/2013,active,bronze,Plumbers,,,,,
,,,,Electric Snake Sewer  Drain,Francis Ave,,United States,New York,Brewster,10509,(914) 762-5080,,,,,,Electric Snake Sewer  Drain,,,Francis Ave,,United States,USA,,,New York,NY,Brewster,,,,10509,,,(914) 762-5080,,Plumbers,,,,10/21/2013,active,bronze,Plumbers,,,,,
,,,,T H Remodeling  Renovation,4 Trent Ln,,United States,New York,Walden,12586,(845) 567-9743,,,,,,T H Remodeling  Renovation,,,4 Trent Ln,,United States,USA,,,New York,NY,Walden,,,,12586,,,(845) 567-9743,,Plumbers,,,,10/21/2013,active,bronze,Plumbers,,,,,
,,,,Tully Houseworks Inc,46 Webster ST,,United States,New York,North Tonawanda,14120,(716) 692-3181,,,,,,Tully Houseworks Inc,,,46 Webster ST,,United States,USA,,,New York,NY,North Tonawanda,,,,14120,,,(716) 692-3181,,Plumbers,,,,10/21/2013,active,bronze,Plumbers,,,,,
,,,,Grand Jude Plumbing  Htg Inc,909 Oliver St,,United States,New York,North Tonawanda,14120,(716) 694-5849,,,,,,Grand Jude Plumbing  Htg Inc,,,909 Oliver St,,United States,USA,,,New York,NY,North Tonawanda,,,,14120,,,(716) 694-5849,,Plumbers,,,,10/21/2013,active,bronze,Plumbers,,,,,
,,,,Kramer Construction Svc,42 Porter Ave,,United States,New York,North Tonawanda,14120,(716) 694-5006,,,,,,Kramer Construction Svc,,,42 Porter Ave,,United States,USA,,,New York,NY,North Tonawanda,,,,14120,,,(716) 694-5006,,Plumbers,,,,10/21/2013,active,bronze,Plumbers,,,,,
,,,,J C Plumbing  Sewer Cleaning,198 Stenzil ST,,United States,New York,North Tonawanda,14120,(716) 876-4358,,,,,,J C Plumbing  Sewer Cleaning,,,198 Stenzil ST,,United States,USA,,,New York,NY,North Tonawanda,,,,14120,,,(716) 876-4358,,Plumbers,,,,10/21/2013,active,bronze,Plumbers,,,,,
,,,,Rt Enterprises,1290 Wurlitzer Ct,,United States,New York,North Tonawanda,14120,(716) 692-7054,,,,,,Rt Enterprises,,,1290 Wurlitzer Ct,,United States,USA,,,New York,NY,North Tonawanda,,,,14120,,,(716) 692-7054,,Plumbers,,,,10/21/2013,active,bronze,Plumbers,,,,,
,,,,Calamar Construction Mgmt Inc,3949 Forest Park Way Ste 100,,United States,New York,North Tonawanda,14120,(716) 693-0006,,,,,,Calamar Construction Mgmt Inc,,,3949 Forest Park Way Ste 100,,United States,USA,,,New York,NY,North Tonawanda,,,,14120,,,(716) 693-0006,,Plumbers,,,,10/21/2013,active,bronze,Plumbers,,,,,
,,,,Stahl Plumbing  Heating,1611 Ruie Rd,,United States,New York,North Tonawanda,14120,(716) 694-5364,,,,,,Stahl Plumbing  Heating,,,1611 Ruie Rd,,United States,USA,,,New York,NY,North Tonawanda,,,,14120,,,(716) 694-5364,,Plumbers,,,,10/21/2013,active,bronze,Plumbers,,,,,
,,,,Cellino Plumbing,4127 Beach Ridge Rd,,United States,New York,North Tonawanda,14120,(716) 692-1007,,,,,,Cellino Plumbing,,,4127 Beach Ridge Rd,,United States,USA,,,New York,NY,North Tonawanda,,,,14120,,,(716) 692-1007,,Plumbers,,,,10/21/2013,active,bronze,Plumbers,,,,,
,,,,Glen Maerten Plumbing  Htg,6839 Ward Rd,,United States,New York,Niagara Falls,14304,(716) 693-4333,,,,,,Glen Maerten Plumbing  Htg,,,6839 Ward Rd,,United States,USA,,,New York,NY,Niagara Falls,,,,14304,,,(716) 693-4333,,Plumbers,,,,10/21/2013,active,bronze,Plumbers,,,,,
,,,,Strassle Construction Inc,107 Townline Rd,,United States,New York,Byron,14422,(315) 776-4195,,,,,,Strassle Construction Inc,,,107 Townline Rd,,United States,USA,,,New York,NY,Byron,,,,14422,,,(315) 776-4195,,Plumbers,,,,10/21/2013,active,bronze,Plumbers,,,,,
,,,,Strenkoski Brothers,8888 Porter Rd,,United States,New York,Niagara Falls,14304,(716) 297-8221,,,,,,Strenkoski Brothers,,,8888 Porter Rd,,United States,USA,,,New York,NY,Niagara Falls,,,,14304,,,(716) 297-8221,,Plumbers,,,,10/21/2013,active,bronze,Plumbers,,,,,
,,,,Sicoli  Massaro Inc,8525 Porter Rd,,United States,New York,Niagara Falls,14304,(716) 297-0484,,,,,,Sicoli  Massaro Inc,,,8525 Porter Rd,,United States,USA,,,New York,NY,Niagara Falls,,,,14304,,,(716) 297-0484,,Plumbers,,,,10/21/2013,active,bronze,Plumbers,,,,,
